Ethnic_Group,Settlement_Region,Years_of_Schooling,Profession,English_Skill,English_Skill_Now,Income_Per_Hour
Other,South,98,Laborer,Well,2,11.68
Arab,West,14,"Profession worker (lawyer, doctor, scientist, nurse, engineer, accountant, progr",Not well,2,9.6
Other,West,20,"Education (teacher, professor, educator, etc.)",Well,1,14
Other,Mid West,4,Retail/sales/distribution,Not at all,2,18
Other,West,3,"Skilled tradesperson (carpenter, mechanic, plumber, linesperson, electrician, ta",Well,2,8.35
Other,West,0,Hospitality/entertainment,Not at all,3,98
Arab,West,15,Student,Well,1,10
Arab,West,16,"Profession worker (lawyer, doctor, scientist, nurse, engineer, accountant, progr",Very well,1,10
Arab,West,14,Student,Very well,1,11
Arab,West,16,"Profession worker (lawyer, doctor, scientist, nurse, engineer, accountant, progr",Well,1,10.2
Arab,West,16,Business owner,Very well,1,10
Other,South,98,Refused,Not well,3,98
Other,North East,6,Business owner,Not well,1,98
Other,North East,9,"Service worker (social worker, hairdresser, housekeeper, etc.)",Well,2,11.75
Other,North East,10,Student,Well,1,98
Other,South,12,Student,Well,2,9.75
Chaldean,Mid West,18,"Profession worker (lawyer, doctor, scientist, nurse, engineer, accountant, progr",Well,1,7
Arab,West,13,Retail/sales/distribution,Well,2,10
Arab,South,12,Other,Well,1,11
Other,Mid West,10,"Education (teacher, professor, educator, etc.)",Well,2,98
Other,Mid West,12,"Education (teacher, professor, educator, etc.)",Not well,2,11
Arab,West,18,"Profession worker (lawyer, doctor, scientist, nurse, engineer, accountant, progr",Very well,1,10
Arab,West,9,Retail/sales/distribution,Not well,2,11.5
Other,West,5,"Service worker (social worker, hairdresser, housekeeper, etc.)",Not at all,3,12
Other,West,6,Business owner,Well,2,11
Other,North East,12,Other,Not well,3,10
Other,North East,0,Retail/sales/distribution,Not at all,3,11
Other,West,14,"Education (teacher, professor, educator, etc.)",Very well,1,14
Arab,Mid West,15,"Skilled tradesperson (carpenter, mechanic, plumber, linesperson, electrician, ta",Well,2,12
Arab,Mid West,9,"Skilled tradesperson (carpenter, mechanic, plumber, linesperson, electrician, ta",Well,2,11
Don't know,West,0,Retail/sales/distribution,Not at all,4,99
Other,Mid West,1,"Service worker (social worker, hairdresser, housekeeper, etc.)",Not at all,3,12
Siryac,West,17,White collar/office/administrative,Well,1,12
Other,North East,0,None,Not at all,3,10
Arab,West,20,Student,Very well,1,12
Arab,West,19,Student,Well,1,13
Arab,West,12,"Skilled tradesperson (carpenter, mechanic, plumber, linesperson, electrician, ta",Well,1,10
Arab,West,14,Hospitality/entertainment,Not well,1,10
Arab,West,14,"Profession worker (lawyer, doctor, scientist, nurse, engineer, accountant, progr",Very well,1,98
Siryac,West,12,"Skilled tradesperson (carpenter, mechanic, plumber, linesperson, electrician, ta",Not well,3,11
Arab,West,15,Student,Well,1,98
Arab,South,14,Semi-skilled/unskilled workers,Not well,3,9
Cuban,North East,6,White collar/office/administrative,Not well,2,15
Cuban,North East,5,"Service worker (social worker, hairdresser, housekeeper, etc.)",Not well,2,10.5
Arab,West,16,"Profession worker (lawyer, doctor, scientist, nurse, engineer, accountant, progr",Very well,1,11.5
Arab,West,15,"Profession worker (lawyer, doctor, scientist, nurse, engineer, accountant, progr",Well,1,20
Arab,West,16,"Profession worker (lawyer, doctor, scientist, nurse, engineer, accountant, progr",Well,1,11
Cuban,South,13,Other,Not at all,3,98
Arab,South,98,Government/military,Not well,2,8
Arab,North East,16,"Education (teacher, professor, educator, etc.)",Well,1,99
Arab,North East,15,Student,Well,1,11
Cuban,South,13,"Skilled tradesperson (carpenter, mechanic, plumber, linesperson, electrician, ta",Not at all,3,98
Cuban,South,13,"Service worker (social worker, hairdresser, housekeeper, etc.)",Not at all,3,7.47
Refused,Mid West,4,"Service worker (social worker, hairdresser, housekeeper, etc.)",Not well,1,11
Other,South,0,Hospitality/entertainment,Not at all,1,11
Chaldean,West,12,Don't know,Not well,2,99
Arab,West,9,"Skilled tradesperson (carpenter, mechanic, plumber, linesperson, electrician, ta",Not well,2,10.5
Other,South,15,"Education (teacher, professor, educator, etc.)",Well,1,14.75
Other,South,7,"Education (teacher, professor, educator, etc.)",Well,1,10.5
Arab,North East,20,White collar/office/administrative,Very well,1,12
Arab,North East,11,Student,Very well,1,10
Arab,West,16,Business owner,Well,1,10.5
Other,South,9,Student,Well,1,10.5
Other,South,9,Student,Well,1,16
Arab,West,20,Government/military,Well,1,12
Other,South,12,"Education (teacher, professor, educator, etc.)",Well,2,15
Chaldean,North East,0,Other,Not well,3,10
Other,Mid West,2,Business owner,Well,2,12
Arab,Mid West,13,"Skilled tradesperson (carpenter, mechanic, plumber, linesperson, electrician, ta",Not well,2,11
Other,West,15,"Education (teacher, professor, educator, etc.)",Well,1,15
Siryac,West,9,"Skilled tradesperson (carpenter, mechanic, plumber, linesperson, electrician, ta",Not at all,2,11.5
Siryac,West,10,"Skilled tradesperson (carpenter, mechanic, plumber, linesperson, electrician, ta",Not at all,1,12.5
Arab,West,14,Student,Not at all,2,10.5
Other,North East,5,"Service worker (social worker, hairdresser, housekeeper, etc.)",Well,2,10.1
Other,North East,7,Student,Well,1,12.5
Other,North East,7,Student,Not well,2,9
Other,Mid West,13,White collar/office/administrative,Well,1,99
Arab,South,13,Management,Well,2,6.25
Nepalese,West,12,"Education (teacher, professor, educator, etc.)",Not well,3,4
Nepalese,West,10,"Education (teacher, professor, educator, etc.)",Not well,2,11
Nepalese,South,0,None,Not at all,3,10.5
Arab,North East,9,"Skilled tradesperson (carpenter, mechanic, plumber, linesperson, electrician, ta",Not well,2,9
Arab,West,14,"Skilled tradesperson (carpenter, mechanic, plumber, linesperson, electrician, ta",Well,1,98
Other,Mid West,0,Laborer,Not at all,4,8
Other,North East,14,"Education (teacher, professor, educator, etc.)",Not well,2,15.4
Arab,South,18,"Profession worker (lawyer, doctor, scientist, nurse, engineer, accountant, progr",Well,1,98
Arab,West,18,Government/military,Well,2,13
Arab,Mid West,17,"Profession worker (lawyer, doctor, scientist, nurse, engineer, accountant, progr",Well,1,14
Nepalese,North East,11,Student,Not well,3,98
Other,South,12,"Skilled tradesperson (carpenter, mechanic, plumber, linesperson, electrician, ta",Not at all,4,9
Other,North East,6,Don't know,Not at all,3,98
Other,North East,10,Other,Not well,3,10
Cuban,South,9,"Skilled tradesperson (carpenter, mechanic, plumber, linesperson, electrician, ta",Not at all,4,10
Cuban,South,10,Student,Well,2,10
Chaldean,Mid West,8,Hospitality/entertainment,Not at all,4,10
Don't know,South,9,Management,Not at all,4,9.75
Other,South,13,White collar/office/administrative,Not at all,4,10.65
Other,South,12,Semi-skilled/unskilled workers,Not at all,3,10.5
Other,South,12,White collar/office/administrative,Well,1,8
Other,Mid West,7,Laborer,Not at all,3,14
Arab,South,9,"Skilled tradesperson (carpenter, mechanic, plumber, linesperson, electrician, ta",Well,1,14
Arab,Mid West,9,Other,Not well,2,98
Arab,Mid West,6,Student,Not at all,2,98
Other,Mid West,10,None,Not at all,1,12
Other,West,12,Laborer,Not at all,3,10
Arab,Mid West,6,Student,Not well,1,10
Other,South,10,"Education (teacher, professor, educator, etc.)",Not well,2,10.3
Other,South,12,Other,Not well,2,9.3
Arab,Mid West,16,White collar/office/administrative,Well,1,17.8
Other,Mid West,0,"Skilled tradesperson (carpenter, mechanic, plumber, linesperson, electrician, ta",Not at all,3,10
Other,Mid West,11,Student,Well,2,98
Other,South,9,Semi-skilled/unskilled workers,Not at all,4,10
Cuban,South,11,"Education (teacher, professor, educator, etc.)",Not at all,4,8.05
Other,Mid West,12,Student,Well,2,98
Other,Mid West,8,Student,Not well,3,10
Arab,Mid West,5,"Skilled tradesperson (carpenter, mechanic, plumber, linesperson, electrician, ta",Not well,2,10
Other,South,12,Semi-skilled/unskilled workers,Not well,3,20
Other,South,12,None,Not at all,3,15
Arab,South,17,"Profession worker (lawyer, doctor, scientist, nurse, engineer, accountant, progr",Very well,1,11.47
Cuban,South,98,Laborer,Not at all,4,98
Cuban,South,19,"Profession worker (lawyer, doctor, scientist, nurse, engineer, accountant, progr",Not at all,3,98
Cuban,South,12,Student,Not at all,3,98
Other,South,13,Management,Not at all,4,9
Other,South,13,None,Not at all,4,98
Arab,South,16,White collar/office/administrative,Not at all,3,8
Arab,South,14,Semi-skilled/unskilled workers,Not well,2,10
Arab,South,14,Student,Well,2,9
Other,South,11,Semi-skilled/unskilled workers,Not at all,3,10
Other,South,11,Semi-skilled/unskilled workers,Not at all,4,11
Other,South,7,Retail/sales/distribution,Not at all,4,98
Arab,North East,15,Retail/sales/distribution,Not well,2,10
Arab,North East,11,Student,Well,1,10
Other,Mid West,17,"Service worker (social worker, hairdresser, housekeeper, etc.)",Not at all,3,10.5
Other,Mid West,17,"Education (teacher, professor, educator, etc.)",Not at all,3,10.5
Other,West,12,Don't know,Well,1,98
Siryac,Mid West,99,"Skilled tradesperson (carpenter, mechanic, plumber, linesperson, electrician, ta",Not well,2,10.5
Siryac,Mid West,4,Other,Not at all,2,9.5
Bhutanese,North East,12,"Education (teacher, professor, educator, etc.)",Well,2,10.25
Don't know,North East,12,Other,Well,2,10
Other,South,12,Management,Not at all,1,14
Other,South,12,None,Not at all,1,14
Arab,South,11,"Skilled tradesperson (carpenter, mechanic, plumber, linesperson, electrician, ta",Not well,2,10
Other,Mid West,98,Refused,Not well,2,10
Bhutanese,Mid West,2,"Skilled tradesperson (carpenter, mechanic, plumber, linesperson, electrician, ta",Not well,2,12.1
Other,South,9,Management,Not at all,3,15
Arab,South,20,"Profession worker (lawyer, doctor, scientist, nurse, engineer, accountant, progr",Well,1,10.5
Chaldean,Mid West,15,Management,Not well,2,10.85
Other,Mid West,2,Government/military,Not well,3,10.42
Other,Mid West,7,Student,Not well,2,98
Other,South,12,"Education (teacher, professor, educator, etc.)",Well,2,11
Other,Mid West,10,Business owner,Not well,2,10.42
Chaldean,Mid West,14,"Education (teacher, professor, educator, etc.)",Not well,3,9
Other,South,17,"Education (teacher, professor, educator, etc.)",Very well,1,14
Other,Mid West,17,"Education (teacher, professor, educator, etc.)",Very well,1,10
Arab,North East,16,"Profession worker (lawyer, doctor, scientist, nurse, engineer, accountant, progr",Very well,1,11.82
Chaldean,Mid West,12,Retail/sales/distribution,Not well,2,11
Chaldean,Mid West,9,Student,Well,1,9.5
Other,Mid West,14,Student,Not well,2,12.25
Chaldean,Mid West,5,"Skilled tradesperson (carpenter, mechanic, plumber, linesperson, electrician, ta",Well,1,11.5
Chaldean,Mid West,6,"Skilled tradesperson (carpenter, mechanic, plumber, linesperson, electrician, ta",Not at all,4,9.5
Arab,Mid West,16,"Profession worker (lawyer, doctor, scientist, nurse, engineer, accountant, progr",Well,1,98
Cuban,South,9,Laborer,Not at all,3,13.39
Other,North East,9,Laborer,Not at all,4,8.25
Other,North East,12,Laborer,Well,1,12.25
Other,North East,12,Student,Not well,3,7.5
Nepalese,Mid West,8,"Education (teacher, professor, educator, etc.)",Well,2,10.25
Arab,Mid West,17,White collar/office/administrative,Very well,1,10
Arab,Mid West,16,"Profession worker (lawyer, doctor, scientist, nurse, engineer, accountant, progr",Very well,1,25
Chaldean,Mid West,17,White collar/office/administrative,Well,1,15
Other,South,12,Retail/sales/distribution,Not at all,3,18
Arab,Mid West,15,Other,Well,1,99
Arab,North East,12,Other,Not well,2,99
Other,South,98,Semi-skilled/unskilled workers,Not at all,4,98
Other,North East,0,"Service worker (social worker, hairdresser, housekeeper, etc.)",Not at all,3,13
Other,North East,6,Student,Not well,2,98
Other,98,8,Laborer,Not well,2,12.02
Nepalese,South,7,Hospitality/entertainment,Well,1,11.1
Nepalese,South,12,"Education (teacher, professor, educator, etc.)",Well,1,11
Chaldean,West,13,Student,Well,1,98
Chaldean,Mid West,17,"Profession worker (lawyer, doctor, scientist, nurse, engineer, accountant, progr",Very well,1,16
Other,West,14,Semi-skilled/unskilled workers,Well,2,12
Other,West,14,"Profession worker (lawyer, doctor, scientist, nurse, engineer, accountant, progr",Well,2,10
Other,Mid West,11,Hospitality/entertainment,Not well,2,10.5
Arab,Mid West,9,"Skilled tradesperson (carpenter, mechanic, plumber, linesperson, electrician, ta",Not at all,2,10
Other,North East,15,"Education (teacher, professor, educator, etc.)",Well,2,18
Other,West,5,Business owner,Not at all,3,98
Other,South,12,Refused,Well,2,9
Other,West,18,Management,Well,2,11.6
Other,West,12,Student,Well,1,12
Other,West,11,Student,Well,1,98
Chaldean,West,98,Student,Not well,2,11.5
Chaldean,West,6,Student,Not well,2,11.5
Siryac,Mid West,14,"Service worker (social worker, hairdresser, housekeeper, etc.)",Not well,2,11.25
Arab,West,10,Government/military,Not well,2,12
Arab,West,98,Government/military,Well,1,12
Arab,Mid West,16,Retail/sales/distribution,Well,2,10
Arab,South,16,"Profession worker (lawyer, doctor, scientist, nurse, engineer, accountant, progr",Well,1,10
Other,Mid West,10,Student,Well,2,11.8
Nepalese,Mid West,10,Student,Not well,3,11.75
Other,Mid West,12,"Profession worker (lawyer, doctor, scientist, nurse, engineer, accountant, progr",Not well,2,10.75
Other,Mid West,11,"Profession worker (lawyer, doctor, scientist, nurse, engineer, accountant, progr",Not well,3,10
Arab,Mid West,14,Retail/sales/distribution,Not well,2,14
Bhutanese,South,12,"Education (teacher, professor, educator, etc.)",Well,2,16
Bhutanese,South,12,"Education (teacher, professor, educator, etc.)",Well,2,11.75
Arab,Mid West,8,Student,Not well,2,98
Siryac,Mid West,10,Hospitality/entertainment,Not at all,4,14
Other,South,12,"Skilled tradesperson (carpenter, mechanic, plumber, linesperson, electrician, ta",Not at all,1,98
Other,South,10,Laborer,Not at all,4,9
Cuban,Mid West,12,Retail/sales/distribution,Not at all,4,13.5
Cuban,South,12,"Skilled tradesperson (carpenter, mechanic, plumber, linesperson, electrician, ta",Not at all,4,8
Cuban,South,12,"Profession worker (lawyer, doctor, scientist, nurse, engineer, accountant, progr",Very well,1,9
Other,South,10,Other,Not well,3,10
Cuban,South,12,Retail/sales/distribution,Not at all,3,98
Other,West,12,Don't know,Not well,2,98
Other,South,12,Student,Not well,2,10
Other,South,12,Student,Not well,2,8
Arab,South,16,"Profession worker (lawyer, doctor, scientist, nurse, engineer, accountant, progr",Very well,1,46
Other,Mid West,10,"Education (teacher, professor, educator, etc.)",Well,1,11
Chaldean,West,7,Student,Not at all,3,14
Chaldean,West,13,Student,Well,1,12
Chaldean,West,10,Student,Not at all,2,12
Other,North East,3,"Skilled tradesperson (carpenter, mechanic, plumber, linesperson, electrician, ta",Not at all,3,10
Other,North East,4,"Skilled tradesperson (carpenter, mechanic, plumber, linesperson, electrician, ta",Not at all,3,9.25
Bhutanese,South,12,"Education (teacher, professor, educator, etc.)",Well,2,11.5
Arab,Mid West,15,"Service worker (social worker, hairdresser, housekeeper, etc.)",Not well,2,13
Arab,Mid West,18,"Education (teacher, professor, educator, etc.)",Not well,1,9.25
Other,Mid West,8,Business owner,Not at all,2,13
Bhutanese,West,0,Laborer,Not well,3,12
Nepalese,West,8,Student,Not well,2,12
Chaldean,South,10,Student,Not well,2,12
Chaldean,South,98,Semi-skilled/unskilled workers,Not well,2,98
Chaldean,South,98,Semi-skilled/unskilled workers,Not well,2,98
Arab,Mid West,5,"Service worker (social worker, hairdresser, housekeeper, etc.)",Well,2,99
Arab,Mid West,14,"Profession worker (lawyer, doctor, scientist, nurse, engineer, accountant, progr",Not at all,2,12
Other,West,10,Student,Well,1,26
Bhutanese,West,12,Student,Well,2,11
Nepalese,West,4,Laborer,Not well,2,11
Other,South,9,Other,Not at all,3,12
Bhutanese,South,15,"Education (teacher, professor, educator, etc.)",Well,2,18.5
Arab,North East,16,Other,Very well,1,99
Other,North East,4,Semi-skilled/unskilled workers,Not at all,3,9
Other,North East,4,Hospitality/entertainment,Not well,3,10.1
Don't know,West,6,Laborer,Not at all,3,13
Don't know,West,8,Refused,Not well,2,14
Arab,West,12,Student,Well,1,10
Arab,West,12,Student,Well,1,11
Arab,West,17,"Skilled tradesperson (carpenter, mechanic, plumber, linesperson, electrician, ta",Not well,2,12
Don't know,West,5,Student,Not at all,1,11
Arab,South,16,Management,Well,1,15
Arab,South,16,"Profession worker (lawyer, doctor, scientist, nurse, engineer, accountant, progr",Very well,1,17
Arab,South,16,White collar/office/administrative,Well,1,14
Other,West,8,"Education (teacher, professor, educator, etc.)",Not at all,3,14
Other,West,6,Student,Not well,2,14
Arab,South,20,Retail/sales/distribution,Well,1,16
Bhutanese,Mid West,12,"Education (teacher, professor, educator, etc.)",Not well,3,16
Arab,South,14,Student,Very well,1,5
Other,West,9,"Skilled tradesperson (carpenter, mechanic, plumber, linesperson, electrician, ta",Not at all,3,11.16
Arab,West,14,"Skilled tradesperson (carpenter, mechanic, plumber, linesperson, electrician, ta",Well,1,24.5
Arab,West,14,Student,Very well,1,99
Arab,West,11,Student,Well,1,10.5
Arab,Mid West,9,Semi-skilled/unskilled workers,Not well,2,98
Arab,Mid West,15,Other,Well,2,98
Arab,South,14,"Profession worker (lawyer, doctor, scientist, nurse, engineer, accountant, progr",Not well,2,13
Other,Mid West,12,Student,Not at all,2,39
Chaldean,West,8,"Skilled tradesperson (carpenter, mechanic, plumber, linesperson, electrician, ta",Well,2,9
Karen,South,98,Don't know,Not at all,2,13
Other,Mid West,9,Semi-skilled/unskilled workers,Not well,2,10.5
Other,South,10,Laborer,Not at all,4,12
Other,West,18,"Profession worker (lawyer, doctor, scientist, nurse, engineer, accountant, progr",Well,1,98
Arab,North East,16,White collar/office/administrative,Not at all,2,11
Other,West,13,"Education (teacher, professor, educator, etc.)",Not well,2,16.8
Cuban,South,12,Semi-skilled/unskilled workers,Not at all,4,8
Arab,West,12,Retail/sales/distribution,Well,2,10
Cuban,South,12,Laborer,Not at all,4,10.28
Other,South,14,Student,Well,2,13.5
Arab,Mid West,9,Government/military,Not well,2,10
Other,West,16,Student,Well,1,98
Other,Mid West,0,Laborer,Not at all,3,9.7
Siryac,Mid West,15,Student,Well,1,26
Siryac,Mid West,18,Student,Not well,2,98
Arab,South,18,"Profession worker (lawyer, doctor, scientist, nurse, engineer, accountant, progr",Very well,1,98
Arab,South,15,White collar/office/administrative,Well,2,98
Other,South,12,"Skilled tradesperson (carpenter, mechanic, plumber, linesperson, electrician, ta",Not at all,4,10.75
Karen,South,4,Semi-skilled/unskilled workers,Not at all,3,11
Other,North East,3,Semi-skilled/unskilled workers,Not at all,4,11.25
Other,South,8,Hospitality/entertainment,Not well,2,8.25
Other,South,10,Hospitality/entertainment,Not well,2,11.6
Chaldean,Mid West,8,Hospitality/entertainment,Not well,3,10.5
Chaldean,Mid West,14,"Skilled tradesperson (carpenter, mechanic, plumber, linesperson, electrician, ta",Not well,2,12
Other,Mid West,12,Retail/sales/distribution,Not well,2,10.29
Other,Mid West,12,Student,Well,2,9
Other,Mid West,20,Student,Not well,2,5
Other,South,9,Hospitality/entertainment,Well,1,10
Other,South,11,Retail/sales/distribution,Not well,2,8
Other,South,10,Other,Not well,2,12
Other,South,12,Hospitality/entertainment,Not at all,3,16
Other,South,98,"Profession worker (lawyer, doctor, scientist, nurse, engineer, accountant, progr",Very well,1,14
Karen,South,8,"Skilled tradesperson (carpenter, mechanic, plumber, linesperson, electrician, ta",Not well,3,13
Other,West,13,Retail/sales/distribution,Not well,3,10.5
Other,West,11,Student,Very well,1,19
Other,West,10,Student,Well,1,11
Other,South,13,Retail/sales/distribution,Not well,3,98
Other,South,13,Retail/sales/distribution,Not well,3,8
Other,South,10,Hospitality/entertainment,Not at all,3,18
Other,South,8,Laborer,Not at all,4,9
Nepalese,North East,12,Business owner,Well,1,10.35
Bhutanese,West,12,Other,Well,1,13
Other,South,7,Retail/sales/distribution,Not well,2,10.74
Other,North East,4,Laborer,Not at all,3,12
Other,West,8,"Service worker (social worker, hairdresser, housekeeper, etc.)",Not well,2,9.8
Arab,West,12,"Skilled tradesperson (carpenter, mechanic, plumber, linesperson, electrician, ta",Well,1,11.75
Other,West,9,Business owner,Not well,1,15.25
Arab,West,16,"Skilled tradesperson (carpenter, mechanic, plumber, linesperson, electrician, ta",Not well,2,12.5
Arab,West,7,"Skilled tradesperson (carpenter, mechanic, plumber, linesperson, electrician, ta",Not well,3,10.5
Other,South,98,"Education (teacher, professor, educator, etc.)",Well,1,11.25
Other,South,18,Student,Not well,2,14.25
Other,South,18,Student,Well,1,10
Other,Mid West,10,Student,Not well,3,10
Other,South,13,"Education (teacher, professor, educator, etc.)",Well,1,11
Arab,West,8,Management,Not at all,3,11
Other,South,11,"Skilled tradesperson (carpenter, mechanic, plumber, linesperson, electrician, ta",Not at all,3,11
Other,West,5,"Profession worker (lawyer, doctor, scientist, nurse, engineer, accountant, progr",Not well,2,14
Arab,West,14,Other,Well,1,99
Arab,West,15,Student,Not at all,3,98
Arab,South,12,"Skilled tradesperson (carpenter, mechanic, plumber, linesperson, electrician, ta",Well,1,10
Arab,South,12,Student,Not well,1,10
Other,West,98,Student,Well,1,98
Other,South,12,Student,Well,2,99
Other,West,12,Student,Well,2,98
Arab,West,16,White collar/office/administrative,Well,1,98
Other,Mid West,12,Hospitality/entertainment,Not well,2,10.2
Other,Mid West,13,Government/military,Not at all,3,15.1
Lhotsampa,West,10,Student,Not well,3,9.5
Other,Mid West,12,Student,Not well,3,11
Other,South,12,None,Not at all,2,18
Other,South,10,"Education (teacher, professor, educator, etc.)",Not well,2,10.95
Arab,West,17,"Profession worker (lawyer, doctor, scientist, nurse, engineer, accountant, progr",Well,1,98
Arab,Mid West,10,Semi-skilled/unskilled workers,Not well,2,11
Cuban,South,12,Management,Not at all,3,8.75
Cuban,South,98,"Service worker (social worker, hairdresser, housekeeper, etc.)",Not at all,3,10
Other,North East,0,Other,Not at all,3,11
Other,North East,8,Don't know,Not well,3,12.5
Siryac,West,18,"Skilled tradesperson (carpenter, mechanic, plumber, linesperson, electrician, ta",Not at all,4,11
Siryac,West,14,Student,Not well,3,98
Cuban,South,9,Other,Not at all,3,14
Arab,Mid West,13,Other,Not well,2,8.5
Other,Mid West,12,Student,Not well,2,12.5
Other,Mid West,10,Student,Not well,3,10
Other,South,8,Student,Well,2,11
Arab,North East,16,Hospitality/entertainment,Well,1,99
Cuban,South,12,Laborer,Not at all,4,12
Cuban,South,12,"Skilled tradesperson (carpenter, mechanic, plumber, linesperson, electrician, ta",Not well,3,10
Cuban,South,12,None,Not well,2,98
Cuban,South,12,None,Not at all,3,98
Chaldean,West,17,"Education (teacher, professor, educator, etc.)",Very well,1,99
Arab,West,15,Student,Not well,1,17
Cuban,South,12,Other,Not at all,4,9.5
Cuban,South,12,Hospitality/entertainment,Not well,2,15.45
Other,North East,98,Laborer,Not well,2,98
Other,North East,12,Student,Well,2,11
Other,North East,12,Student,Not well,3,7.57
Other,West,8,Student,Not at all,2,98
Lhotsampa,Mid West,10,Laborer,Not at all,3,99
Lhotsampa,Mid West,10,Student,Not well,1,98
Cuban,South,12,Semi-skilled/unskilled workers,Not at all,4,8.05
Karen,North East,98,Laborer,Not at all,3,10
Bhutanese,West,10,Student,Not well,2,10
Other,West,11,Student,Not well,2,11
Other,Mid West,11,"Skilled tradesperson (carpenter, mechanic, plumber, linesperson, electrician, ta",Not at all,3,8.05
Other,Mid West,11,"Education (teacher, professor, educator, etc.)",Not at all,3,8.05
Other,Mid West,8,None,Not well,2,8.05
Other,South,10,Student,Not at all,2,98
Other,South,12,"Profession worker (lawyer, doctor, scientist, nurse, engineer, accountant, progr",Not well,2,11
Other,South,14,Student,Not well,2,99
Other,South,12,"Profession worker (lawyer, doctor, scientist, nurse, engineer, accountant, progr",Not well,2,99
Bhutanese,North East,14,White collar/office/administrative,Well,2,12
Cuban,Mid West,12,Laborer,Not well,2,9.5
Karen,North East,12,Management,Well,2,11
Other,West,15,"Profession worker (lawyer, doctor, scientist, nurse, engineer, accountant, progr",Not at all,3,12.5
Arab,West,16,"Profession worker (lawyer, doctor, scientist, nurse, engineer, accountant, progr",Not well,2,12.5
Bhutanese,South,14,"Education (teacher, professor, educator, etc.)",Well,2,10
Nepalese,South,12,"Service worker (social worker, hairdresser, housekeeper, etc.)",Well,2,10
Other,West,12,Student,Well,1,13.75
Other,West,12,Student,Not well,2,15
Other,West,12,Laborer,Not at all,3,12.44
Chin,West,10,Hospitality/entertainment,Well,2,14.8
Nepalese,North East,11,Laborer,Not well,3,11
Other,West,7,Other,Not at all,3,98
Other,West,14,Retail/sales/distribution,Well,1,11.5
Cuban,South,12,"Skilled tradesperson (carpenter, mechanic, plumber, linesperson, electrician, ta",Not well,1,98
Bhutanese,North East,12,"Skilled tradesperson (carpenter, mechanic, plumber, linesperson, electrician, ta",Don't know,2,14
Cuban,Mid West,7,"Skilled tradesperson (carpenter, mechanic, plumber, linesperson, electrician, ta",Not at all,4,10
Arab,West,14,Other,Very well,1,11.5
Arab,South,16,White collar/office/administrative,Very well,1,14.18
Arab,South,12,Student,Very well,1,10
Karen,North East,8,Semi-skilled/unskilled workers,Not at all,3,19
Nepalese,North East,12,"Service worker (social worker, hairdresser, housekeeper, etc.)",Well,1,13
Cuban,South,12,"Skilled tradesperson (carpenter, mechanic, plumber, linesperson, electrician, ta",Not at all,4,22
Other,West,11,Business owner,Well,1,15
Arab,South,12,Semi-skilled/unskilled workers,Not well,2,11
Arab,South,16,Student,Very well,1,11
Other,North East,18,"Profession worker (lawyer, doctor, scientist, nurse, engineer, accountant, progr",Not at all,2,98
Other,South,13,Student,Not well,2,9
Other,Mid West,1,Other,Not at all,3,10.25
Chaldean,West,16,"Profession worker (lawyer, doctor, scientist, nurse, engineer, accountant, progr",Well,1,99
Siryac,West,12,Student,Not well,2,10.5
Karen,Mid West,13,"Education (teacher, professor, educator, etc.)",Not well,3,9.5
Karen,Mid West,13,Laborer,Not well,3,12.6
Other,North East,98,Retail/sales/distribution,Not at all,4,11.5
Chaldean,Mid West,16,Student,Well,2,10
Other,South,13,Semi-skilled/unskilled workers,Not well,3,10.45
Siryac,Mid West,12,Hospitality/entertainment,Not well,2,15
Siryac,Mid West,9,Student,Not at all,2,11
Other,Mid West,8,"Skilled tradesperson (carpenter, mechanic, plumber, linesperson, electrician, ta",Not well,2,11.3
Cuban,South,12,Management,Very well,1,98
Cuban,South,12,Other,Not at all,3,9
Karen,Mid West,13,"Education (teacher, professor, educator, etc.)",Don't know,3,10.3
Other,South,8,"Skilled tradesperson (carpenter, mechanic, plumber, linesperson, electrician, ta",Not well,2,8.36
Arab,South,9,"Profession worker (lawyer, doctor, scientist, nurse, engineer, accountant, progr",Well,2,10
Arab,South,12,"Profession worker (lawyer, doctor, scientist, nurse, engineer, accountant, progr",Very well,1,10
Chin,South,10,Hospitality/entertainment,Not well,2,12.5
Other,North East,98,Laborer,Not well,3,10
Other,South,11,Hospitality/entertainment,Not at all,3,10
Arab,Mid West,17,Retail/sales/distribution,Well,1,19.62
Arab,South,12,Student,Very well,1,10
Karen,Mid West,16,Other,Not well,3,14.6
Chin,South,98,Laborer,Not at all,3,12
Other,West,12,Government/military,Not at all,3,98
Bhutanese,West,12,"Education (teacher, professor, educator, etc.)",Well,1,98
Cuban,Mid West,12,"Skilled tradesperson (carpenter, mechanic, plumber, linesperson, electrician, ta",Not at all,3,15
Cuban,Mid West,12,"Education (teacher, professor, educator, etc.)",Not at all,4,10
Cuban,Mid West,12,"Education (teacher, professor, educator, etc.)",Very well,1,10
Cuban,Mid West,10,None,Not at all,1,9.25
Other,West,14,"Skilled tradesperson (carpenter, mechanic, plumber, linesperson, electrician, ta",Not well,3,10
Cuban,North East,12,"Education (teacher, professor, educator, etc.)",Not well,2,12
Cuban,North East,12,"Education (teacher, professor, educator, etc.)",Not at all,4,9
Cuban,North East,12,None,Not at all,1,9.75
Arab,West,17,Management,Very well,1,14.7
Arab,West,14,Student,Very well,1,98
Other,Mid West,98,Business owner,Not at all,3,98
Other,Mid West,7,"Skilled tradesperson (carpenter, mechanic, plumber, linesperson, electrician, ta",Well,2,22.73
Other,Mid West,7,Management,Well,1,98
Nepalese,North East,12,"Education (teacher, professor, educator, etc.)",Not well,2,98
Nepalese,North East,10,"Service worker (social worker, hairdresser, housekeeper, etc.)",Not well,2,13
Nepalese,North East,98,"Education (teacher, professor, educator, etc.)",Well,2,98
Cuban,South,12,"Service worker (social worker, hairdresser, housekeeper, etc.)",Not at all,4,11
Chaldean,West,6,Semi-skilled/unskilled workers,Not well,2,14
Chaldean,West,7,Student,Not well,2,14
Chaldean,West,9,Student,Not well,2,10.5
Siryac,Mid West,11,"Skilled tradesperson (carpenter, mechanic, plumber, linesperson, electrician, ta",Not well,3,11.5
Nepalese,Mid West,10,Student,Not at all,4,17
Nepalese,West,10,"Skilled tradesperson (carpenter, mechanic, plumber, linesperson, electrician, ta",Not at all,4,22
Arab,West,15,White collar/office/administrative,Very well,1,99
Chaldean,West,12,"Profession worker (lawyer, doctor, scientist, nurse, engineer, accountant, progr",Not well,2,8.5
Chaldean,West,14,Student,Well,2,8.5
Chaldean,West,12,Student,Well,2,10
Arab,West,12,Student,Well,1,10
Arab,West,12,Student,Well,1,10
Arab,West,12,Student,Well,1,10
Other,North East,12,Government/military,Not well,2,98
Lhotsampa,Mid West,12,Student,Well,1,17.25
Arab,West,12,"Skilled tradesperson (carpenter, mechanic, plumber, linesperson, electrician, ta",Well,2,99
Karen,Mid West,15,White collar/office/administrative,Not well,2,11
Arab,Mid West,14,"Service worker (social worker, hairdresser, housekeeper, etc.)",Not well,2,11
Arab,South,9,White collar/office/administrative,Not well,2,12.75
Other,West,11,Laborer,Not well,2,16.45
Arab,South,14,"Skilled tradesperson (carpenter, mechanic, plumber, linesperson, electrician, ta",Well,1,8.5
Arab,South,15,Student,Well,1,12.5
Other,Mid West,10,Other,Well,2,20
Arab,West,98,Other,Not at all,2,98
Arab,West,98,Don't know,Well,2,98
Other,South,11,"Education (teacher, professor, educator, etc.)",Not well,2,10.5
Other,South,10,Semi-skilled/unskilled workers,Not well,3,13.5
Other,South,15,"Skilled tradesperson (carpenter, mechanic, plumber, linesperson, electrician, ta",Well,1,99
Arab,West,20,Management,Not at all,3,10.4
Arab,West,16,"Profession worker (lawyer, doctor, scientist, nurse, engineer, accountant, progr",Very well,1,98
Other,Mid West,12,Laborer,Well,2,13
Other,Mid West,8,Student,Well,1,10
Arab,West,9,Hospitality/entertainment,Not well,2,10
Arab,West,10,Student,Well,1,7.4
Karen,Mid West,10,Student,Not well,3,12
Other,West,20,Other,Not well,2,98
Siryac,Mid West,5,Semi-skilled/unskilled workers,Not at all,2,11
Other,Mid West,7,Semi-skilled/unskilled workers,Well,2,9
Other,South,14,White collar/office/administrative,Well,1,10.25
Arab,West,12,Student,Not at all,2,11
Arab,West,16,Student,Not at all,1,13
Other,South,13,Hospitality/entertainment,Not well,2,98
Cuban,South,12,"Skilled tradesperson (carpenter, mechanic, plumber, linesperson, electrician, ta",Not at all,4,8.05
Cuban,South,12,"Skilled tradesperson (carpenter, mechanic, plumber, linesperson, electrician, ta",Not at all,4,9.4
Other,North East,12,Management,Not well,1,98
Bhutanese,Mid West,7,"Skilled tradesperson (carpenter, mechanic, plumber, linesperson, electrician, ta",Not well,3,9
Bhutanese,Mid West,98,"Education (teacher, professor, educator, etc.)",Well,1,98
Other,South,14,"Profession worker (lawyer, doctor, scientist, nurse, engineer, accountant, progr",Well,1,15.72
Arab,Mid West,16,Other,Well,2,7
Arab,Mid West,15,Student,Very well,1,15
Nepalese,South,10,Laborer,Not at all,3,9.77
Bhutanese,South,2,Laborer,Not at all,4,98
Chaldean,West,12,"Service worker (social worker, hairdresser, housekeeper, etc.)",Not at all,2,14.5
Other,West,18,"Education (teacher, professor, educator, etc.)",Very well,1,98
Other,West,18,"Education (teacher, professor, educator, etc.)",Very well,1,98
Other,West,15,Student,Very well,1,5.97
Other,West,15,Student,Very well,1,98
Siryac,Mid West,18,Retail/sales/distribution,Not well,2,12
Arab,West,16,Other,Not well,2,9
Arab,West,16,Student,Well,1,9
Arab,West,12,Student,Not at all,1,9
Arab,West,16,"Profession worker (lawyer, doctor, scientist, nurse, engineer, accountant, progr",Well,1,25
Other,Mid West,11,Student,Not well,2,10
Lhotsampa,South,2,"Service worker (social worker, hairdresser, housekeeper, etc.)",Not at all,3,10
Nepalese,Mid West,14,Student,Well,1,9.99
Arab,Mid West,15,Other,Well,1,16
Nepalese,West,4,"Skilled tradesperson (carpenter, mechanic, plumber, linesperson, electrician, ta",Not well,2,11
Other,West,12,Student,Very well,1,12
Other,West,2,Retail/sales/distribution,Not at all,3,9
Other,West,0,Laborer,Not at all,3,8.5
Other,West,13,Student,Well,1,11
Other,West,11,Student,Well,2,9
Lhotsampa,North East,15,"Education (teacher, professor, educator, etc.)",Not well,2,24
Lhotsampa,North East,15,"Education (teacher, professor, educator, etc.)",Well,2,13
Bhutanese,South,5,"Profession worker (lawyer, doctor, scientist, nurse, engineer, accountant, progr",Not well,2,11.2
Other,Mid West,12,Government/military,Not well,2,15
Arab,North East,17,"Skilled tradesperson (carpenter, mechanic, plumber, linesperson, electrician, ta",Not well,2,15
Arab,Mid West,16,"Profession worker (lawyer, doctor, scientist, nurse, engineer, accountant, progr",Well,1,13
Arab,Mid West,16,"Profession worker (lawyer, doctor, scientist, nurse, engineer, accountant, progr",Well,2,12.5
Other,North East,10,Other,Not at all,3,16.3
Bhutanese,South,12,"Education (teacher, professor, educator, etc.)",Well,9,12.5
Arab,South,12,Government/military,Not well,2,98
Chaldean,Mid West,16,Student,Well,1,99
Other,West,12,Retail/sales/distribution,Not well,2,10.5
Chaldean,Mid West,9,Semi-skilled/unskilled workers,Well,1,98
Arab,South,12,"Skilled tradesperson (carpenter, mechanic, plumber, linesperson, electrician, ta",Not at all,3,14.5
Cuban,South,12,Semi-skilled/unskilled workers,Not at all,4,98
Cuban,South,6,None,Not at all,1,8.2
Arab,Mid West,17,White collar/office/administrative,Well,1,10
Arab,Mid West,17,Other,Very well,1,17
Cuban,South,12,None,Not well,2,10
Bhutanese,Mid West,10,Laborer,Not well,2,16.55
Other,West,9,Hospitality/entertainment,Well,1,10
Don't know,West,15,"Skilled tradesperson (carpenter, mechanic, plumber, linesperson, electrician, ta",Well,1,10
Karen,West,6,Laborer,Not at all,4,15
Arab,Mid West,12,Student,Not well,1,11
Other,South,12,Hospitality/entertainment,Not at all,1,15.5
Lhotsampa,Mid West,12,"Education (teacher, professor, educator, etc.)",Well,1,16.3
Nepalese,Mid West,9,Don't know,Not well,2,98
Other,South,98,Student,Not well,2,14
Arab,West,18,Management,Very well,1,13.77
Other,South,12,"Skilled tradesperson (carpenter, mechanic, plumber, linesperson, electrician, ta",Not at all,3,98
Other,South,10,Student,Not well,2,11
Lhotsampa,South,12,"Education (teacher, professor, educator, etc.)",Not well,2,0
Karen,Mid West,0,Other,Not well,3,9
Karen,Mid West,8,"Service worker (social worker, hairdresser, housekeeper, etc.)",Not well,3,98
Karen,Mid West,14,"Education (teacher, professor, educator, etc.)",Well,1,14
Karen,Mid West,10,Student,Not at all,3,12
Other,South,13,Other,Not well,2,98
Other,South,10,Student,Not well,2,0
Other,South,0,Refused,Not at all,3,8.3
Other,South,12,"Skilled tradesperson (carpenter, mechanic, plumber, linesperson, electrician, ta",Not well,3,12
Other,West,17,Other,Not well,2,21.4
Other,West,17,"Skilled tradesperson (carpenter, mechanic, plumber, linesperson, electrician, ta",Not well,2,98
Arab,West,15,White collar/office/administrative,Well,1,9
Other,Mid West,10,Student,Not well,3,12.5
Other,South,3,Business owner,Well,1,17
Arab,South,16,Student,Not at all,1,14
Other,West,14,"Education (teacher, professor, educator, etc.)",Not well,2,25
Other,North East,6,Business owner,Well,3,13
Other,Mid West,6,Laborer,Not well,2,13.5
Nepalese,Mid West,10,Retail/sales/distribution,Not well,2,13.5
Other,North East,4,Don't know,Not well,3,11
Chaldean,Mid West,16,"Education (teacher, professor, educator, etc.)",Well,1,10.45
Chin,Mid West,98,Laborer,Not at all,4,98
Chin,Mid West,9,Student,Not at all,4,14
Karen,Mid West,7,Laborer,Not well,2,14.35
Karen,Mid West,8,Student,Not well,2,8
Chin,West,15,Don't know,Not at all,3,98
Chin,West,10,Student,Not at all,3,11
Arab,South,14,Semi-skilled/unskilled workers,Not well,2,11.5
Arab,South,16,Management,Well,1,14.69
Other,South,10,Other,Not at all,3,14
Lhotsampa,North East,15,Student,Well,1,17
Arab,South,16,"Profession worker (lawyer, doctor, scientist, nurse, engineer, accountant, progr",Very well,1,25
Arab,South,17,"Profession worker (lawyer, doctor, scientist, nurse, engineer, accountant, progr",Very well,1,12
Lhotsampa,North East,17,"Education (teacher, professor, educator, etc.)",Not well,2,98
Cuban,South,12,"Profession worker (lawyer, doctor, scientist, nurse, engineer, accountant, progr",Not at all,3,98
Cuban,South,9,None,Not at all,2,98
Bhutanese,North East,12,"Education (teacher, professor, educator, etc.)",Not well,2,12.25
Refused,Mid West,3,Other,Well,2,12
Chaldean,Mid West,14,Business owner,Not well,2,99
Karen,Mid West,10,Student,Not well,2,98
Other,South,12,"Education (teacher, professor, educator, etc.)",Not well,1,11
Arab,North East,14,White collar/office/administrative,Not well,2,11
Cuban,South,12,"Profession worker (lawyer, doctor, scientist, nurse, engineer, accountant, progr",Not at all,4,14
Other,North East,8,Retail/sales/distribution,Well,2,15
Arab,South,14,Business owner,Not well,2,98
Lhotsampa,South,3,Laborer,Not well,3,11
Chaldean,Mid West,9,Management,Not well,3,10
Bhutanese,South,5,"Service worker (social worker, hairdresser, housekeeper, etc.)",Not well,2,11
Nepalese,South,12,Student,Well,1,10
Other,North East,9,Business owner,Not well,2,17.85
Other,North East,12,Business owner,Very well,1,10
Chaldean,West,12,Other,Well,2,11.5
Other,Mid West,20,"Skilled tradesperson (carpenter, mechanic, plumber, linesperson, electrician, ta",Well,1,11.5
Arab,West,9,Student,Not well,1,10
Arab,West,8,Student,Not well,1,10
Other,West,12,Laborer,Not well,2,13
Other,North East,14,"Education (teacher, professor, educator, etc.)",Well,2,15
Cuban,South,9,Laborer,Not at all,4,98
Arab,West,4,"Skilled tradesperson (carpenter, mechanic, plumber, linesperson, electrician, ta",Not at all,2,98
Arab,West,2,Retail/sales/distribution,Not at all,3,10.5
Arab,West,6,Semi-skilled/unskilled workers,Not at all,4,9.3
Other,North East,13,"Profession worker (lawyer, doctor, scientist, nurse, engineer, accountant, progr",Well,1,12.95
Other,South,13,"Skilled tradesperson (carpenter, mechanic, plumber, linesperson, electrician, ta",Not well,2,10
Other,West,11,Management,Not at all,3,12
Other,West,10,"Profession worker (lawyer, doctor, scientist, nurse, engineer, accountant, progr",Not at all,3,10
Siryac,Mid West,18,Business owner,Not well,2,10.5
Don't know,Mid West,5,Laborer,Not well,3,8.1
Karen,Mid West,6,Student,Not at all,3,11.5
Bhutanese,Mid West,12,"Education (teacher, professor, educator, etc.)",Well,2,12
Arab,North East,12,Student,Well,2,9
Other,Mid West,12,"Education (teacher, professor, educator, etc.)",Well,2,17
Other,South,14,Laborer,Not well,2,12.65
Arab,Mid West,14,Management,Not well,2,14
Arab,Mid West,16,"Profession worker (lawyer, doctor, scientist, nurse, engineer, accountant, progr",Well,1,14
Arab,Mid West,9,Semi-skilled/unskilled workers,Not well,2,98
Chaldean,West,20,"Profession worker (lawyer, doctor, scientist, nurse, engineer, accountant, progr",Very well,1,25
Nepalese,North East,12,"Education (teacher, professor, educator, etc.)",Well,1,22
Nepalese,North East,12,"Education (teacher, professor, educator, etc.)",Well,1,11.55
Arab,South,7,Other,Not well,2,10
Arab,West,15,Student,Very well,1,9.25
Lhotsampa,West,15,"Education (teacher, professor, educator, etc.)",Well,2,18.75
Lhotsampa,West,12,"Education (teacher, professor, educator, etc.)",Not well,2,11.5
Arab,South,18,"Education (teacher, professor, educator, etc.)",Well,2,10
Arab,West,98,Management,Well,1,13.75
Arab,West,16,Other,Well,2,15.34
Other,South,10,Student,Not well,1,98
Lhotsampa,Mid West,8,"Profession worker (lawyer, doctor, scientist, nurse, engineer, accountant, progr",Not well,3,12
Bhutanese,Mid West,3,"Skilled tradesperson (carpenter, mechanic, plumber, linesperson, electrician, ta",Not at all,4,9.5
Other,Mid West,13,Other,Not well,3,9.65
Lhotsampa,North East,12,"Education (teacher, professor, educator, etc.)",Not well,3,10.5
Arab,South,10,Business owner,Not well,1,98
Arab,West,18,"Profession worker (lawyer, doctor, scientist, nurse, engineer, accountant, progr",Well,2,8.75
Arab,South,17,Retail/sales/distribution,Very well,1,13
Bhutanese,North East,14,"Education (teacher, professor, educator, etc.)",Well,1,10.5
Don't know,South,3,Laborer,Not at all,3,8.5
Arab,North East,20,"Profession worker (lawyer, doctor, scientist, nurse, engineer, accountant, progr",Well,2,10
Arab,South,18,"Profession worker (lawyer, doctor, scientist, nurse, engineer, accountant, progr",Very well,1,98
Arab,Mid West,16,"Profession worker (lawyer, doctor, scientist, nurse, engineer, accountant, progr",Well,1,23
Chaldean,Mid West,12,"Skilled tradesperson (carpenter, mechanic, plumber, linesperson, electrician, ta",Well,1,23
Other,Mid West,98,Retail/sales/distribution,Well,2,98
Bhutanese,North East,0,White collar/office/administrative,Not at all,3,10.5
Arab,South,9,"Service worker (social worker, hairdresser, housekeeper, etc.)",Not well,2,12
Arab,West,20,"Education (teacher, professor, educator, etc.)",Very well,1,19
Arab,West,17,Student,Well,1,15
Arab,West,11,Retail/sales/distribution,Well,1,8
Arab,West,8,Business owner,Not well,2,9.5
Other,West,12,Don't know,Not well,2,98
Other,South,8,Business owner,Not at all,2,98
Other,South,8,Student,Well,2,8
Other,South,8,Other,Not at all,2,8
Lhotsampa,Mid West,10,Student,Not well,2,17.25
Other,South,10,None,Not at all,2,17
Bhutanese,North East,12,Student,Not well,2,9.5
Lhotsampa,North East,10,Laborer,Not well,3,11.75
Other,North East,0,Retail/sales/distribution,Not at all,2,99
Other,West,4,Student,Not at all,1,99
Arab,Mid West,9,"Skilled tradesperson (carpenter, mechanic, plumber, linesperson, electrician, ta",Not at all,3,9.5
Other,Mid West,10,Don't know,Not at all,3,12
Bhutanese,Mid West,10,"Skilled tradesperson (carpenter, mechanic, plumber, linesperson, electrician, ta",Not at all,2,10.5
Other,South,12,Student,Well,1,11
Other,South,11,Student,Well,1,11.62
Other,South,10,Student,Well,1,11.62
Other,Mid West,8,"Service worker (social worker, hairdresser, housekeeper, etc.)",Not well,2,11
Lhotsampa,North East,3,"Skilled tradesperson (carpenter, mechanic, plumber, linesperson, electrician, ta",Not at all,3,9.12
Other,South,0,Laborer,Not at all,3,18.95
Arab,West,20,Retail/sales/distribution,Very well,1,10
Chaldean,West,6,Student,Not well,2,11.5
Arab,South,19,Business owner,Very well,1,18
Arab,South,14,Other,Well,1,8.5
Other,South,12,"Education (teacher, professor, educator, etc.)",Not well,2,17
Other,South,12,Student,Not well,2,8.5
Chaldean,West,15,Laborer,Well,1,11.07
Arab,West,8,Don't know,Not well,2,8
Chin,South,4,Hospitality/entertainment,Not well,3,10
Arab,South,16,Business owner,Not well,2,8.5
Chaldean,Mid West,9,Hospitality/entertainment,Not well,2,9
Chaldean,Mid West,9,Student,Well,2,10.5
Chin,South,3,Hospitality/entertainment,Not at all,3,11
Other,98,12,Retail/sales/distribution,Not well,2,10.5
Chin,Mid West,11,Retail/sales/distribution,Not well,2,12.75
Other,Mid West,4,"Skilled tradesperson (carpenter, mechanic, plumber, linesperson, electrician, ta",Not at all,3,13
Other,Mid West,8,"Skilled tradesperson (carpenter, mechanic, plumber, linesperson, electrician, ta",Not well,2,98
Chaldean,Mid West,14,White collar/office/administrative,Not well,3,10
Chin,Mid West,13,Student,Not at all,2,10.5
Karen,North East,7,None,Not at all,3,9.25
Other,Mid West,12,"Education (teacher, professor, educator, etc.)",Not well,3,10
Other,North East,8,Retail/sales/distribution,Not at all,3,10
Other,West,12,Business owner,Not well,2,12
Other,Mid West,12,Retail/sales/distribution,Not well,2,12
Chin,West,98,Laborer,Not at all,4,12
Other,Mid West,12,"Education (teacher, professor, educator, etc.)",Well,2,12.5
Chin,Mid West,14,Hospitality/entertainment,Not well,2,16
Chaldean,Mid West,6,Government/military,Not well,2,98
Chaldean,Mid West,10,"Service worker (social worker, hairdresser, housekeeper, etc.)",Not well,2,10
Other,West,12,"Profession worker (lawyer, doctor, scientist, nurse, engineer, accountant, progr",Not well,2,99
Chin,South,8,Other,Not at all,3,8
Karen,South,12,"Education (teacher, professor, educator, etc.)",Not well,3,11.75
Chin,North East,0,Semi-skilled/unskilled workers,Not well,3,12.95
Other,South,0,Other,Not at all,4,12
Karen,South,9,"Profession worker (lawyer, doctor, scientist, nurse, engineer, accountant, progr",Not well,3,10.72
Karen,South,4,Other,Not well,3,11.29
Other,South,14,"Profession worker (lawyer, doctor, scientist, nurse, engineer, accountant, progr",Not at all,2,8.75
Arab,South,12,Retail/sales/distribution,Not well,2,12.5
Arab,South,16,Student,Well,1,12
Lhotsampa,South,15,"Education (teacher, professor, educator, etc.)",Well,2,23
Karen,South,7,Other,Not at all,3,8.5
Karen,South,5,Retail/sales/distribution,Not at all,3,8.6
Chin,South,4,Laborer,Not at all,4,10
Other,South,16,Other,Well,2,10
Other,South,12,Student,Very well,1,10
Karen,South,99,Laborer,Not at all,3,10.6
Karen,Mid West,13,White collar/office/administrative,Not well,3,13
Chin,Mid West,98,Don't know,Not at all,4,15.5
Chin,Mid West,98,Laborer,Not at all,3,11.3
Chin,South,98,Laborer,Not at all,4,9
Siryac,Mid West,6,Semi-skilled/unskilled workers,Not well,2,9.75
Chaldean,Mid West,14,"Skilled tradesperson (carpenter, mechanic, plumber, linesperson, electrician, ta",Well,1,98
Chaldean,Mid West,17,Student,Well,1,12
Karen,Mid West,10,None,Not at all,3,11
Cuban,North East,12,"Skilled tradesperson (carpenter, mechanic, plumber, linesperson, electrician, ta",Not at all,3,11.25
Chin,Mid West,0,"Skilled tradesperson (carpenter, mechanic, plumber, linesperson, electrician, ta",Not at all,4,12.5
Other,South,12,Government/military,Well,1,12
Cuban,Mid West,12,"Service worker (social worker, hairdresser, housekeeper, etc.)",Not well,2,18.2
Cuban,Mid West,12,Hospitality/entertainment,Not at all,2,9.54
Cuban,Mid West,11,None,Not at all,1,10
Chin,Mid West,9,Laborer,Not at all,3,12
Chaldean,West,11,Student,Not well,1,11
Cuban,South,10,Semi-skilled/unskilled workers,Not at all,4,12
Other,West,99,"Education (teacher, professor, educator, etc.)",Well,1,14
Karen,Mid West,11,"Service worker (social worker, hairdresser, housekeeper, etc.)",Not well,3,10.5
Karen,Mid West,3,Laborer,Not at all,3,10.5
Don't know,South,16,"Profession worker (lawyer, doctor, scientist, nurse, engineer, accountant, progr",Well,2,98
Cuban,South,9,"Skilled tradesperson (carpenter, mechanic, plumber, linesperson, electrician, ta",Not at all,3,98
Arab,West,9,Retail/sales/distribution,Not well,2,10.4
Arab,West,20,"Education (teacher, professor, educator, etc.)",Well,2,10.2
Cuban,South,10,"Skilled tradesperson (carpenter, mechanic, plumber, linesperson, electrician, ta",Not at all,3,98
Karen,Mid West,15,Student,Not well,3,14
Karen,Mid West,12,Student,Not well,3,14
Arab,South,12,Student,Well,2,10
Arab,South,12,Student,Not well,1,10
Other,West,16,"Profession worker (lawyer, doctor, scientist, nurse, engineer, accountant, progr",Well,1,21.5
Other,Mid West,98,Laborer,Not well,2,12.3
Arab,South,16,"Profession worker (lawyer, doctor, scientist, nurse, engineer, accountant, progr",Well,2,14
Arab,South,10,Student,Well,1,11
Other,North East,98,"Service worker (social worker, hairdresser, housekeeper, etc.)",Well,1,13
Other,North East,98,"Education (teacher, professor, educator, etc.)",Not well,2,11.85
Other,North East,12,Student,Well,1,98
Bhutanese,South,5,White collar/office/administrative,Not well,2,12
Arab,South,13,Student,Not well,2,10
Other,North East,17,"Profession worker (lawyer, doctor, scientist, nurse, engineer, accountant, progr",Very well,1,20
Other,North East,12,Student,Very well,1,18
Arab,Mid West,15,Other,Not well,2,9.25
Arab,Mid West,7,Hospitality/entertainment,Not at all,2,9
Arab,Mid West,12,Student,Well,1,13
Arab,Mid West,0,"Skilled tradesperson (carpenter, mechanic, plumber, linesperson, electrician, ta",Not at all,2,14
Chaldean,Mid West,9,Other,Not at all,2,10
Arab,Mid West,9,"Skilled tradesperson (carpenter, mechanic, plumber, linesperson, electrician, ta",Not well,3,8
Lhotsampa,Mid West,12,"Education (teacher, professor, educator, etc.)",Well,1,98
Lhotsampa,Mid West,12,"Education (teacher, professor, educator, etc.)",Not well,2,11
Other,South,9,Laborer,Not well,2,10
Chaldean,Mid West,16,Other,Well,1,99
Karen,North East,4,Laborer,Not at all,3,9.7
Arab,South,18,"Profession worker (lawyer, doctor, scientist, nurse, engineer, accountant, progr",Well,1,98
Nepalese,Mid West,6,Laborer,Not well,3,14.8
Arab,South,16,White collar/office/administrative,Very well,1,12
Arab,Mid West,12,Student,Well,1,10
Arab,South,14,Management,Not well,2,98
Chaldean,West,8,Semi-skilled/unskilled workers,Not well,2,11.5
Chaldean,Mid West,9,Don't know,Not well,2,98
Chaldean,Mid West,8,Student,Well,1,98
Chaldean,Mid West,7,Student,Well,1,98
Arab,West,12,Laborer,Not at all,2,98
Other,Mid West,10,Student,Not well,1,98
Other,Mid West,16,Management,Not well,1,10.6
Karen,Mid West,15,Student,Not well,3,11
Other,West,5,White collar/office/administrative,Not at all,2,10
Other,West,0,Other,Not at all,2,8
Other,Mid West,11,Student,Not well,2,8
Other,North East,15,"Profession worker (lawyer, doctor, scientist, nurse, engineer, accountant, progr",Not well,3,13
Bhutanese,North East,2,"Service worker (social worker, hairdresser, housekeeper, etc.)",Not at all,3,9.85
Chin,South,6,Laborer,Not at all,4,13
Chin,South,5,Student,Not at all,3,9
Other,South,18,White collar/office/administrative,Well,1,10
Other,South,12,White collar/office/administrative,Well,1,11
Other,North East,0,"Service worker (social worker, hairdresser, housekeeper, etc.)",Not at all,3,10
Other,South,15,"Education (teacher, professor, educator, etc.)",Not well,3,12.25
Bhutanese,South,10,"Skilled tradesperson (carpenter, mechanic, plumber, linesperson, electrician, ta",Not well,2,11.2
Other,North East,14,"Profession worker (lawyer, doctor, scientist, nurse, engineer, accountant, progr",Very well,1,10
Other,West,14,Retail/sales/distribution,Not well,2,12.5
Other,West,13,"Service worker (social worker, hairdresser, housekeeper, etc.)",Not well,2,12.5
Arab,West,8,Student,Well,2,7.2
Karen,98,99,Laborer,Not at all,4,8
Other,South,12,Management,Well,2,12
Other,South,11,Student,Well,1,13
Arab,South,16,Other,Not at all,2,98
Chaldean,West,14,Semi-skilled/unskilled workers,Not at all,2,10
Other,West,0,Retail/sales/distribution,Not at all,2,11
Other,West,12,Management,Not well,2,15
Other,South,12,"Skilled tradesperson (carpenter, mechanic, plumber, linesperson, electrician, ta",Well,2,10
Other,West,12,"Skilled tradesperson (carpenter, mechanic, plumber, linesperson, electrician, ta",Not well,1,15
Other,South,16,Other,Not well,3,16
Chin,South,6,Laborer,Not at all,3,11.25
Other,West,9,Laborer,Not at all,3,98
Other,Mid West,9,Student,Not well,2,10.5
Other,Mid West,11,Student,Not well,2,11.25
Arab,Mid West,18,"Profession worker (lawyer, doctor, scientist, nurse, engineer, accountant, progr",Well,1,13
Other,Mid West,98,Student,Well,1,10
Other,North East,5,Other,Not at all,3,13.5
Other,North East,0,Other,Not at all,3,9.75
Other,Mid West,0,Don't know,Not well,2,98
Chin,Mid West,8,Other,Not at all,3,14.8
Chin,Mid West,8,Other,Not at all,3,10.5
Other,South,10,Laborer,Not well,2,11.5
Chin,South,10,Laborer,Not at all,3,15
Chin,South,0,Laborer,Not at all,3,19
Chin,South,8,Laborer,Not at all,3,14
Other,North East,13,Student,Not well,2,12
Arab,South,8,Semi-skilled/unskilled workers,Not well,3,10
Arab,South,16,"Profession worker (lawyer, doctor, scientist, nurse, engineer, accountant, progr",Very well,1,98
Other,Mid West,11,"Profession worker (lawyer, doctor, scientist, nurse, engineer, accountant, progr",Not well,3,8.9
Other,South,12,"Education (teacher, professor, educator, etc.)",Not well,2,15
Other,North East,12,"Skilled tradesperson (carpenter, mechanic, plumber, linesperson, electrician, ta",Not well,2,10
Other,North East,98,"Service worker (social worker, hairdresser, housekeeper, etc.)",Not well,2,10.75
Other,North East,12,"Education (teacher, professor, educator, etc.)",Not well,2,15.25
Other,North East,10,Student,Not well,2,13
Other,North East,4,Laborer,Not at all,3,9.7
Siryac,Mid West,6,"Skilled tradesperson (carpenter, mechanic, plumber, linesperson, electrician, ta",Not well,3,9
Bhutanese,North East,8,Laborer,Well,1,11
Other,Mid West,0,Laborer,Not at all,4,10.05
Chaldean,West,2,"Skilled tradesperson (carpenter, mechanic, plumber, linesperson, electrician, ta",Not well,3,98
Arab,Mid West,13,Business owner,Well,1,10
Arab,Mid West,20,Retail/sales/distribution,Well,1,9
Arab,Mid West,13,Student,Well,1,99
Arab,Mid West,11,Student,Well,1,99
Arab,Mid West,10,Student,Well,1,99
Nepalese,West,15,"Education (teacher, professor, educator, etc.)",Well,2,11.5
Arab,Mid West,12,Other,Well,1,12
Arab,Mid West,10,Semi-skilled/unskilled workers,Well,1,12
Nepalese,Mid West,7,"Skilled tradesperson (carpenter, mechanic, plumber, linesperson, electrician, ta",Not well,2,13.62
Chaldean,West,2,Semi-skilled/unskilled workers,Not well,3,10
Chaldean,West,20,Management,Not well,2,10.5
Chaldean,West,6,Student,Not well,2,10.5
Chin,North East,7,Student,Not well,3,13.5
Arab,Mid West,16,"Profession worker (lawyer, doctor, scientist, nurse, engineer, accountant, progr",Very well,1,98
Other,South,10,Student,Not well,2,10
Cuban,South,12,"Service worker (social worker, hairdresser, housekeeper, etc.)",Not at all,4,10
Cuban,South,98,"Service worker (social worker, hairdresser, housekeeper, etc.)",Not at all,3,98
Other,South,0,Laborer,Not at all,3,10.64
Other,North East,12,Other,Not well,2,10
Arab,North East,9,Retail/sales/distribution,Not at all,2,11
Arab,Mid West,18,"Profession worker (lawyer, doctor, scientist, nurse, engineer, accountant, progr",Not well,2,10
Arab,West,15,Refused,Well,1,18
Arab,West,14,Student,Well,1,14
Arab,West,13,Student,Well,1,99
Arab,West,10,Student,Well,1,11
Bhutanese,North East,4,"Service worker (social worker, hairdresser, housekeeper, etc.)",Not well,2,13.25
Chaldean,West,9,"Skilled tradesperson (carpenter, mechanic, plumber, linesperson, electrician, ta",Not well,3,14
Cuban,West,12,Hospitality/entertainment,Not at all,3,10
Other,West,10,Laborer,Not at all,4,98
Lhotsampa,West,15,"Education (teacher, professor, educator, etc.)",Well,2,10.95
Bhutanese,West,0,"Skilled tradesperson (carpenter, mechanic, plumber, linesperson, electrician, ta",Not at all,3,98
Bhutanese,West,8,Retail/sales/distribution,Not well,3,10
Chaldean,West,14,"Profession worker (lawyer, doctor, scientist, nurse, engineer, accountant, progr",Well,2,12
Chaldean,West,5,Laborer,Not at all,3,12
Chin,North East,4,"Skilled tradesperson (carpenter, mechanic, plumber, linesperson, electrician, ta",Not at all,4,98
Arab,North East,20,Retail/sales/distribution,Well,2,15
Arab,North East,10,Student,Very well,1,8
Other,South,12,"Skilled tradesperson (carpenter, mechanic, plumber, linesperson, electrician, ta",Not at all,3,15.05
Chin,South,11,Student,Not at all,4,9.73
Chin,South,11,Business owner,Not well,2,14
Cuban,South,12,Laborer,Not at all,4,10
Chin,South,10,Don't know,Not at all,3,14
Other,West,99,"Skilled tradesperson (carpenter, mechanic, plumber, linesperson, electrician, ta",Not well,1,17
Chin,98,8,Student,Not at all,4,11
Chin,Mid West,2,Laborer,Not at all,4,11
Karen,Mid West,0,Laborer,Not at all,4,10.81
Other,West,12,Retail/sales/distribution,Not well,2,10.5
Other,South,5,Retail/sales/distribution,Not at all,4,9
Chin,Mid West,11,Student,Not well,2,13.5
Other,South,16,"Education (teacher, professor, educator, etc.)",Well,1,17
Arab,Mid West,15,"Skilled tradesperson (carpenter, mechanic, plumber, linesperson, electrician, ta",Not well,2,10
Other,South,98,Retail/sales/distribution,Well,2,12
Chin,South,10,Business owner,Not well,3,16
Other,South,0,Other,Not at all,4,8.36
Other,North East,12,Laborer,Not well,2,8
Other,North East,12,Retail/sales/distribution,Not well,2,12
Other,North East,9,Student,Well,1,5
Other,North East,8,Student,Well,1,8.75
Karen,South,15,"Service worker (social worker, hairdresser, housekeeper, etc.)",Not well,3,15
Karen,South,15,Student,Don't know,3,15
Other,Mid West,98,"Skilled tradesperson (carpenter, mechanic, plumber, linesperson, electrician, ta",Not well,3,98
Chin,North East,7,Laborer,Not at all,3,15.2
Other,Mid West,14,Semi-skilled/unskilled workers,Not well,2,11.75
Cuban,Mid West,10,Retail/sales/distribution,Not at all,4,11
Cuban,Mid West,12,White collar/office/administrative,Not at all,4,13
Other,South,15,Other,Well,2,15
Other,West,0,Other,Not at all,3,13
Other,South,11,Hospitality/entertainment,Not at all,3,98
Other,South,11,None,Not well,2,12.5
Other,South,11,Hospitality/entertainment,Not at all,3,98
Chaldean,Mid West,7,Laborer,Not well,2,99
Chaldean,Mid West,10,Student,Not well,2,99
Chin,North East,5,Other,Not at all,3,11.3
Karen,North East,7,Student,Not at all,3,9.85
Other,West,16,Laborer,Well,2,99
Arab,West,11,"Profession worker (lawyer, doctor, scientist, nurse, engineer, accountant, progr",Not well,2,16
Other,North East,11,"Profession worker (lawyer, doctor, scientist, nurse, engineer, accountant, progr",Not well,2,10.25
Chin,South,0,Laborer,Not at all,4,15
Chin,South,12,Student,Not well,3,12.5
Other,South,16,"Profession worker (lawyer, doctor, scientist, nurse, engineer, accountant, progr",Well,1,20
Arab,South,11,Student,Well,1,9
Chin,South,2,Laborer,Not at all,3,11
Other,West,18,"Profession worker (lawyer, doctor, scientist, nurse, engineer, accountant, progr",Well,2,26
Arab,South,16,Retail/sales/distribution,Very well,1,99
Other,South,10,"Skilled tradesperson (carpenter, mechanic, plumber, linesperson, electrician, ta",Not at all,4,10
Karen,South,10,White collar/office/administrative,Not well,3,98
Chin,North East,10,Semi-skilled/unskilled workers,Not well,3,10.82
Chin,North East,10,Semi-skilled/unskilled workers,Not at all,3,12.5
Chin,South,4,Laborer,Not at all,3,9.12
Karen,West,9,Student,Not at all,3,10
Cuban,South,12,Laborer,Not at all,4,13.58
Karen,Mid West,12,"Education (teacher, professor, educator, etc.)",Not well,3,10.5
Other,West,16,Business owner,Well,2,11.38
Bhutanese,South,10,"Education (teacher, professor, educator, etc.)",Not well,2,14
Arab,Mid West,16,Retail/sales/distribution,Very well,1,99
Other,West,18,"Profession worker (lawyer, doctor, scientist, nurse, engineer, accountant, progr",Well,1,99
Karen,West,10,Student,Not well,3,11
Siryac,West,16,"Profession worker (lawyer, doctor, scientist, nurse, engineer, accountant, progr",Well,1,11
Siryac,West,16,"Profession worker (lawyer, doctor, scientist, nurse, engineer, accountant, progr",Well,1,10.5
Nepalese,South,7,"Skilled tradesperson (carpenter, mechanic, plumber, linesperson, electrician, ta",Not well,3,12.7
Other,Mid West,12,Retail/sales/distribution,Not well,3,12
Other,Mid West,8,Student,Well,1,11
Other,Mid West,20,"Education (teacher, professor, educator, etc.)",Well,1,14
Cuban,West,12,"Service worker (social worker, hairdresser, housekeeper, etc.)",Well,2,98
Bhutanese,South,12,"Education (teacher, professor, educator, etc.)",Not well,2,11
Other,South,12,Retail/sales/distribution,Not well,3,98
Siryac,Mid West,12,Retail/sales/distribution,Well,2,10
Other,Mid West,8,Student,Not well,2,98
Chin,North East,10,Laborer,Not at all,3,9
Other,South,8,Laborer,Not well,3,10.8
Other,South,14,"Education (teacher, professor, educator, etc.)",Not well,3,11
Other,South,8,Laborer,Not at all,4,13.15
Bhutanese,Mid West,0,Don't know,Not at all,3,12
Bhutanese,Mid West,0,Don't know,Not at all,3,10
Chaldean,Mid West,6,"Skilled tradesperson (carpenter, mechanic, plumber, linesperson, electrician, ta",Well,2,9.5
Arab,Mid West,6,Retail/sales/distribution,Well,2,98
Arab,South,16,Laborer,Well,2,10.5
Bhutanese,North East,0,Don't know,Not at all,4,9
Other,Mid West,5,"Education (teacher, professor, educator, etc.)",Not well,2,98
Nepalese,Mid West,12,"Education (teacher, professor, educator, etc.)",Not well,2,17
Nepalese,Mid West,10,Laborer,Not at all,3,9.25
Nepalese,North East,12,"Education (teacher, professor, educator, etc.)",Well,1,14.3
Arab,South,16,Management,Very well,1,16.66
Chaldean,West,15,Government/military,Not well,2,12
Arab,North East,8,"Skilled tradesperson (carpenter, mechanic, plumber, linesperson, electrician, ta",Not at all,3,10
Lhotsampa,Mid West,12,Other,Not well,3,12.5
Karen,South,12,"Education (teacher, professor, educator, etc.)",Not well,3,10
Chaldean,West,9,"Service worker (social worker, hairdresser, housekeeper, etc.)",Not well,3,11
Nepalese,North East,0,Laborer,Not at all,3,8.6
Arab,North East,15,Other,Well,2,13
Chin,West,98,Laborer,Not at all,3,98
Chin,West,11,Student,Not at all,3,12.08
Other,Mid West,10,White collar/office/administrative,Not well,2,12
Bhutanese,Mid West,16,"Education (teacher, professor, educator, etc.)",Not well,2,13
Bhutanese,Mid West,15,"Service worker (social worker, hairdresser, housekeeper, etc.)",Well,1,10
Other,West,0,Hospitality/entertainment,Well,2,10
Other,South,98,Management,Well,1,98
Arab,Mid West,15,"Profession worker (lawyer, doctor, scientist, nurse, engineer, accountant, progr",Not well,2,16.5
Chaldean,West,6,Other,Not at all,3,10
Karen,Mid West,1,Laborer,Not at all,3,14
Other,Mid West,10,"Education (teacher, professor, educator, etc.)",Not well,2,11.53
Arab,West,16,"Skilled tradesperson (carpenter, mechanic, plumber, linesperson, electrician, ta",Very well,1,10.71
Other,Mid West,4,Laborer,Not well,2,8
Karen,North East,10,Student,Not well,2,10.5
Karen,North East,10,Student,Not well,2,98
Other,South,12,"Skilled tradesperson (carpenter, mechanic, plumber, linesperson, electrician, ta",Not well,2,9
Other,South,13,"Skilled tradesperson (carpenter, mechanic, plumber, linesperson, electrician, ta",Not at all,2,12.5
Other,West,12,Hospitality/entertainment,Not at all,3,10
Chin,South,5,Laborer,Not at all,4,13
Chin,South,11,Laborer,Not at all,4,13
Chin,South,11,Laborer,Not at all,3,15
Arab,Mid West,16,"Profession worker (lawyer, doctor, scientist, nurse, engineer, accountant, progr",Well,2,14
Other,North East,16,"Profession worker (lawyer, doctor, scientist, nurse, engineer, accountant, progr",Not well,2,99
Other,North East,16,Retail/sales/distribution,Well,1,99
Bhutanese,South,0,Laborer,Not at all,3,8.25
Other,South,13,Retail/sales/distribution,Not at all,3,12.75
Other,South,14,Other,Not well,2,12.5
Other,South,14,Student,Not well,2,12.5
Karen,Mid West,7,Laborer,Not well,3,14
Chin,Mid West,11,"Skilled tradesperson (carpenter, mechanic, plumber, linesperson, electrician, ta",Not at all,4,13
Arab,Mid West,12,Other,Not well,2,9.25
Siryac,West,13,Student,Well,2,13
Lhotsampa,North East,12,Laborer,Not well,3,14
Nepalese,North East,4,Retail/sales/distribution,Not at all,3,9.75
Other,North East,4,Business owner,Not well,2,14.5
Other,North East,12,Other,Well,2,13.5
Other,North East,10,Student,Well,1,12
Other,West,17,"Profession worker (lawyer, doctor, scientist, nurse, engineer, accountant, progr",Well,2,10.5
Other,West,12,"Service worker (social worker, hairdresser, housekeeper, etc.)",Not well,2,11.5
Other,South,12,Student,Not well,2,99
Arab,Mid West,14,"Service worker (social worker, hairdresser, housekeeper, etc.)",Not well,2,11
Arab,Mid West,7,Retail/sales/distribution,Well,1,20
Chaldean,Mid West,16,Student,Well,2,9
Chaldean,Mid West,13,Student,Not well,3,9.5
Other,West,12,White collar/office/administrative,Not well,2,12.5
Other,West,12,Other,Not well,2,11.34
Other,West,13,Student,Not well,2,18.75
Arab,Mid West,13,Other,Well,1,12
Other,West,16,"Profession worker (lawyer, doctor, scientist, nurse, engineer, accountant, progr",Well,1,98
Chaldean,West,12,Student,Well,1,10.5
Karen,Mid West,11,Other,Not at all,4,13
Arab,West,14,"Skilled tradesperson (carpenter, mechanic, plumber, linesperson, electrician, ta",Well,1,10
Arab,West,14,"Skilled tradesperson (carpenter, mechanic, plumber, linesperson, electrician, ta",Not at all,2,15.85
Other,West,12,Retail/sales/distribution,Not at all,2,98
Other,West,15,"Profession worker (lawyer, doctor, scientist, nurse, engineer, accountant, progr",Not well,2,9.75
Don't know,South,12,Hospitality/entertainment,Not at all,3,15
Chin,South,5,Other,Not at all,3,9.3
Chin,South,7,Don't know,Well,2,10
Chin,West,8,Other,Not at all,3,13
Other,West,12,Laborer,Not well,2,18
Karen,South,7,"Service worker (social worker, hairdresser, housekeeper, etc.)",Not well,3,98
Chin,West,10,Laborer,Not at all,4,12
Chin,West,10,Business owner,Not at all,3,11
Other,West,12,Retail/sales/distribution,Not well,3,12
Karen,Mid West,12,Student,Not at all,3,10.25
Arab,North East,12,Laborer,Well,1,24
Bhutanese,North East,4,Other,Not well,2,11
Arab,South,16,"Profession worker (lawyer, doctor, scientist, nurse, engineer, accountant, progr",Well,1,16.5
Other,South,12,Retail/sales/distribution,Not well,2,98
Other,South,12,Student,Not well,2,25
Other,North East,20,"Skilled tradesperson (carpenter, mechanic, plumber, linesperson, electrician, ta",Very well,1,98
Chaldean,Mid West,98,Don't know,Not at all,4,98
Chaldean,Mid West,9,Student,Not well,1,10
Chaldean,Mid West,9,Student,Not well,1,9
Other,South,11,"Skilled tradesperson (carpenter, mechanic, plumber, linesperson, electrician, ta",Not at all,4,98
Other,South,11,None,Not at all,3,10
Other,South,7,None,Not at all,3,98
Other,South,9,None,Not at all,3,98
Other,West,12,Business owner,Well,2,12
Arab,South,12,Hospitality/entertainment,Not well,3,13
Karen,Mid West,2,Other,Not at all,4,10
Chaldean,Mid West,15,Don't know,Not well,3,9
Bhutanese,North East,12,"Education (teacher, professor, educator, etc.)",Not well,2,10.25
Arab,West,8,Other,Not at all,2,10
Arab,West,12,White collar/office/administrative,Not well,2,9.79
Arab,South,18,"Profession worker (lawyer, doctor, scientist, nurse, engineer, accountant, progr",Very well,1,65
Lhotsampa,North East,15,"Education (teacher, professor, educator, etc.)",Well,2,14.5
Bhutanese,West,10,"Education (teacher, professor, educator, etc.)",Not well,3,13
Bhutanese,West,10,"Education (teacher, professor, educator, etc.)",Not well,2,13
Other,North East,11,Student,Well,2,9.5
Other,South,6,Other,Not well,2,9
Arab,South,6,Semi-skilled/unskilled workers,Not at all,3,9
Arab,Mid West,9,Student,Well,1,8.75
Other,West,11,Student,Not well,2,11.5
Other,West,4,Hospitality/entertainment,Not at all,2,99
Arab,West,16,"Profession worker (lawyer, doctor, scientist, nurse, engineer, accountant, progr",Not well,2,12
Other,West,11,Government/military,Not well,2,12.5
Other,South,12,"Skilled tradesperson (carpenter, mechanic, plumber, linesperson, electrician, ta",Not well,3,12.7
Other,South,16,"Profession worker (lawyer, doctor, scientist, nurse, engineer, accountant, progr",Not well,2,10.5
Other,South,12,"Service worker (social worker, hairdresser, housekeeper, etc.)",Not well,2,10.5
Other,South,7,"Skilled tradesperson (carpenter, mechanic, plumber, linesperson, electrician, ta",Not well,1,10
Other,South,12,"Profession worker (lawyer, doctor, scientist, nurse, engineer, accountant, progr",Not at all,4,0
Siryac,West,9,Laborer,Not well,2,11.5
Bhutanese,Mid West,12,"Education (teacher, professor, educator, etc.)",Well,2,10.76
Other,Mid West,7,Hospitality/entertainment,Well,2,11
Arab,Mid West,16,"Skilled tradesperson (carpenter, mechanic, plumber, linesperson, electrician, ta",Well,1,11.5
Other,West,10,"Skilled tradesperson (carpenter, mechanic, plumber, linesperson, electrician, ta",Not well,3,10
Nepalese,South,12,Student,Not well,2,13.5
Arab,South,14,"Skilled tradesperson (carpenter, mechanic, plumber, linesperson, electrician, ta",Well,1,10
Arab,North East,12,Other,Not at all,2,11
Arab,North East,11,Student,Well,2,11
Arab,North East,98,"Education (teacher, professor, educator, etc.)",Not well,2,98
Arab,North East,9,Hospitality/entertainment,Not at all,2,10
Arab,South,16,Other,Not well,2,10
Cuban,South,12,Other,Not well,3,98
Chaldean,West,6,"Skilled tradesperson (carpenter, mechanic, plumber, linesperson, electrician, ta",Not at all,3,11
Arab,Mid West,16,Other,Not well,2,14.1
Arab,Mid West,20,Management,Well,1,15
Lhotsampa,Mid West,7,Business owner,Not well,2,10.2
Lhotsampa,Mid West,8,Business owner,Not well,2,11.69
Nepalese,Mid West,10,Student,Not well,3,11.5
Arab,South,18,"Profession worker (lawyer, doctor, scientist, nurse, engineer, accountant, progr",Not well,2,13
Arab,West,18,Retail/sales/distribution,Well,2,8.85
Lhotsampa,South,0,Laborer,Not at all,4,10
Lhotsampa,South,0,Laborer,Not at all,4,10
Chin,Mid West,7,Laborer,Not at all,3,15
Bhutanese,West,10,Semi-skilled/unskilled workers,Well,1,10.5
Other,North East,12,White collar/office/administrative,Well,2,9.7
Arab,North East,16,"Profession worker (lawyer, doctor, scientist, nurse, engineer, accountant, progr",Not well,2,27.5
Arab,Mid West,20,"Education (teacher, professor, educator, etc.)",Not well,2,11.5
Lhotsampa,West,12,Student,Well,2,98
Lhotsampa,South,12,"Education (teacher, professor, educator, etc.)",Not well,2,11.9
Chin,Mid West,9,Semi-skilled/unskilled workers,Not well,3,15
Chaldean,Mid West,12,"Skilled tradesperson (carpenter, mechanic, plumber, linesperson, electrician, ta",Well,1,9
Chaldean,Mid West,8,Retail/sales/distribution,Not well,2,11
Arab,North East,5,Student,Very well,1,10
Chaldean,West,9,Retail/sales/distribution,Well,2,98
Chaldean,West,11,Student,Well,1,98
Arab,North East,12,"Skilled tradesperson (carpenter, mechanic, plumber, linesperson, electrician, ta",Not at all,1,18.3
Karen,Mid West,98,"Education (teacher, professor, educator, etc.)",Not at all,3,10.7
Chin,West,2,Laborer,Not at all,3,11
Chin,West,0,Laborer,Not at all,4,9.5
Other,Mid West,10,Student,Well,2,98
Arab,West,13,Government/military,Very well,1,10.75
Chin,West,10,Laborer,Not well,2,10
Arab,Mid West,16,Management,Well,1,12.33
Lhotsampa,West,5,"Skilled tradesperson (carpenter, mechanic, plumber, linesperson, electrician, ta",Not well,3,9.75
Arab,Mid West,16,"Profession worker (lawyer, doctor, scientist, nurse, engineer, accountant, progr",Well,2,98
Other,South,12,Other,Well,2,8
Other,South,15,Other,Well,2,37
Chin,Mid West,11,Laborer,Not at all,3,10
Chin,Mid West,8,Student,Not at all,2,13
Karen,South,12,Student,Not well,3,13
Other,West,7,Laborer,Not at all,3,11.5
Chin,West,12,Laborer,Not at all,3,9
Other,Mid West,2,Retail/sales/distribution,Not well,3,9
Other,Mid West,98,Laborer,Not well,2,9
Other,West,19,Student,Well,2,10
Chin,South,98,Student,Not at all,3,98
Other,South,12,Semi-skilled/unskilled workers,Not well,2,99
Other,Mid West,3,"Service worker (social worker, hairdresser, housekeeper, etc.)",Not at all,3,11
Karen,West,12,Management,Not well,3,12
Other,West,12,Refused,Not at all,3,13
Chin,South,5,Laborer,Not at all,3,11.5
Chin,South,4,Other,Not well,2,10.7
Chin,South,7,Student,Not at all,3,98
Karen,South,4,Hospitality/entertainment,Not at all,4,10
Chin,South,12,"Education (teacher, professor, educator, etc.)",Not at all,3,12
Karen,North East,11,"Education (teacher, professor, educator, etc.)",Not well,3,12
Chin,South,0,Laborer,Not at all,3,13.8
Chin,South,98,Laborer,Not well,2,14
Other,West,17,Retail/sales/distribution,Not well,2,14
Karen,North East,12,Other,Not well,3,10.5
Other,South,12,"Skilled tradesperson (carpenter, mechanic, plumber, linesperson, electrician, ta",Not at all,3,24.5
Other,South,16,"Education (teacher, professor, educator, etc.)",Well,1,98
Chaldean,Mid West,12,Retail/sales/distribution,Not well,2,13
Chaldean,Mid West,8,Student,Not well,1,11
Cuban,South,8,Laborer,Not at all,4,9
Lhotsampa,North East,12,"Education (teacher, professor, educator, etc.)",Not well,2,14.5
Other,South,11,"Skilled tradesperson (carpenter, mechanic, plumber, linesperson, electrician, ta",Not well,2,8
Cuban,South,12,"Service worker (social worker, hairdresser, housekeeper, etc.)",Not at all,4,9.59
Arab,North East,13,"Skilled tradesperson (carpenter, mechanic, plumber, linesperson, electrician, ta",Not well,2,11
Arab,South,11,Retail/sales/distribution,Not well,2,10.2
Other,South,5,"Service worker (social worker, hairdresser, housekeeper, etc.)",Not at all,3,9
Chaldean,South,16,"Profession worker (lawyer, doctor, scientist, nurse, engineer, accountant, progr",Well,1,20
Chaldean,South,16,"Profession worker (lawyer, doctor, scientist, nurse, engineer, accountant, progr",Not at all,2,12
Cuban,West,12,None,Not at all,3,99
Arab,West,7,"Skilled tradesperson (carpenter, mechanic, plumber, linesperson, electrician, ta",Not well,3,10
Arab,North East,18,"Profession worker (lawyer, doctor, scientist, nurse, engineer, accountant, progr",Very well,1,11.5
Other,Mid West,5,Don't know,Well,2,18
Chin,Mid West,10,Laborer,Not well,3,14
Chin,South,8,Laborer,Not well,3,11.3
Chin,South,4,Laborer,Not at all,4,9.5
Chin,South,4,Laborer,Not at all,3,10
Arab,West,11,Student,Not at all,2,98
Other,Mid West,10,Retail/sales/distribution,Very well,1,12
Arab,West,15,"Skilled tradesperson (carpenter, mechanic, plumber, linesperson, electrician, ta",Not well,2,10.3
Arab,South,20,Other,Well,8,30
Other,North East,8,"Skilled tradesperson (carpenter, mechanic, plumber, linesperson, electrician, ta",Not at all,3,20
Other,North East,0,Hospitality/entertainment,Not at all,3,98
Arab,Mid West,17,Other,Not well,1,14
Arab,98,12,Student,Well,1,14
Lhotsampa,South,12,Student,Not well,2,11.85
Lhotsampa,South,12,Student,Well,2,11
Arab,South,12,Other,Not well,2,8.5
Other,West,9,Retail/sales/distribution,Not at all,4,12
Other,West,11,None,Not at all,3,98
Arab,North East,9,Hospitality/entertainment,Not well,2,10
Arab,Mid West,14,Semi-skilled/unskilled workers,Very well,1,15
Arab,South,12,Government/military,Not well,2,9
Karen,Mid West,98,Other,Not at all,4,12
Other,West,14,Retail/sales/distribution,Not well,2,15
Other,North East,16,"Profession worker (lawyer, doctor, scientist, nurse, engineer, accountant, progr",Not well,3,10
Arab,North East,12,White collar/office/administrative,Not well,2,11.5
Arab,North East,12,"Education (teacher, professor, educator, etc.)",Well,1,8
Chaldean,West,16,Other,Well,1,98
Karen,South,8,Laborer,Not well,3,12.9
Other,North East,8,Student,Well,1,13.5
Cuban,South,12,Laborer,Not at all,4,98
Cuban,South,12,"Profession worker (lawyer, doctor, scientist, nurse, engineer, accountant, progr",Not at all,3,8.75
Arab,North East,12,Student,Well,1,11.75
Arab,North East,15,Student,Very well,1,11.75
Chaldean,Mid West,12,"Skilled tradesperson (carpenter, mechanic, plumber, linesperson, electrician, ta",Well,2,9.5
Chaldean,Mid West,12,"Service worker (social worker, hairdresser, housekeeper, etc.)",Well,2,8
Cuban,South,12,"Skilled tradesperson (carpenter, mechanic, plumber, linesperson, electrician, ta",Not at all,4,98
Arab,South,17,Management,Not well,2,9.5
Other,Mid West,12,Government/military,Not well,2,16
Chaldean,West,8,Laborer,Well,2,98
Chaldean,Mid West,16,"Profession worker (lawyer, doctor, scientist, nurse, engineer, accountant, progr",Well,1,11.25
Chaldean,Mid West,17,"Profession worker (lawyer, doctor, scientist, nurse, engineer, accountant, progr",Not well,2,10.25
Arab,West,8,Hospitality/entertainment,Not well,2,9.25
Other,West,7,Retail/sales/distribution,Not at all,2,10.5
Other,South,4,Semi-skilled/unskilled workers,Not at all,3,12
Karen,South,11,Student,Not well,1,12
Other,South,12,Retail/sales/distribution,Well,2,0
Other,South,12,Retail/sales/distribution,Well,2,98
Other,South,11,Retail/sales/distribution,Not well,2,10
Chin,South,98,Retail/sales/distribution,Not well,3,98
Other,West,14,"Education (teacher, professor, educator, etc.)",Not at all,3,10.5
Arab,North East,17,Retail/sales/distribution,Not well,2,15
Chaldean,West,6,Hospitality/entertainment,Not well,3,11.5
Chaldean,West,9,Student,Not well,2,11
Arab,South,8,Semi-skilled/unskilled workers,Not well,2,13
Arab,South,16,"Education (teacher, professor, educator, etc.)",Not well,2,9
Arab,Mid West,15,"Skilled tradesperson (carpenter, mechanic, plumber, linesperson, electrician, ta",Well,2,8
Arab,South,15,Student,Well,1,99
Arab,Mid West,14,Student,Not well,2,99
Lhotsampa,South,12,Student,Not well,2,11.3
Other,South,4,"Service worker (social worker, hairdresser, housekeeper, etc.)",Well,2,13
Arab,Mid West,12,"Skilled tradesperson (carpenter, mechanic, plumber, linesperson, electrician, ta",Not well,2,12
Other,North East,0,Laborer,Not at all,3,8
Other,North East,7,"Skilled tradesperson (carpenter, mechanic, plumber, linesperson, electrician, ta",Not well,3,98
Other,North East,7,Student,Not well,2,98
Lhotsampa,North East,98,"Skilled tradesperson (carpenter, mechanic, plumber, linesperson, electrician, ta",Not well,3,10
Karen,South,10,Other,Not well,3,12
Karen,South,98,None,Not at all,3,11
Siryac,West,18,"Education (teacher, professor, educator, etc.)",Well,1,13
Siryac,West,12,"Profession worker (lawyer, doctor, scientist, nurse, engineer, accountant, progr",Not well,2,11
Siryac,West,99,Student,Not well,1,10
Arab,West,6,Semi-skilled/unskilled workers,Not at all,3,10
Chin,Mid West,4,Laborer,Not well,3,13.5
Chin,South,2,Laborer,Not at all,3,11.5
Chin,North East,4,Laborer,Not at all,3,11
Other,West,11,"Skilled tradesperson (carpenter, mechanic, plumber, linesperson, electrician, ta",Not at all,4,17
Other,West,12,"Profession worker (lawyer, doctor, scientist, nurse, engineer, accountant, progr",Not at all,3,13.5
Other,South,14,Other,Not at all,2,98
Other,South,16,Student,Not well,2,11
Chin,South,7,Other,Not well,3,12
Chin,South,9,Student,Not well,2,98
Other,West,11,"Skilled tradesperson (carpenter, mechanic, plumber, linesperson, electrician, ta",Not at all,3,17.5
Nepalese,Mid West,0,Laborer,Not at all,3,10
Chaldean,Mid West,16,"Skilled tradesperson (carpenter, mechanic, plumber, linesperson, electrician, ta",Well,2,10
Chaldean,Mid West,12,"Profession worker (lawyer, doctor, scientist, nurse, engineer, accountant, progr",Not well,2,9
Other,Mid West,20,Management,Not well,3,11.75
Bhutanese,North East,0,Laborer,Not at all,3,12.5
Don't know,Mid West,98,Student,Not well,1,98
Other,West,13,"Skilled tradesperson (carpenter, mechanic, plumber, linesperson, electrician, ta",Not at all,2,98
Other,West,18,"Profession worker (lawyer, doctor, scientist, nurse, engineer, accountant, progr",Not well,2,13
Other,West,15,Other,Not at all,2,8
Cuban,South,12,Management,Not at all,4,12
Cuban,South,12,"Education (teacher, professor, educator, etc.)",Not at all,4,12.5
Bhutanese,South,12,"Service worker (social worker, hairdresser, housekeeper, etc.)",Well,2,10.37
Chin,South,10,Laborer,Not well,3,13.5
Chin,South,7,Semi-skilled/unskilled workers,Not at all,3,11
Chaldean,West,98,Retail/sales/distribution,Well,1,11
Chaldean,West,8,Student,Not at all,3,11.5
Chin,West,10,Student,Not well,2,10
Chaldean,Mid West,6,"Service worker (social worker, hairdresser, housekeeper, etc.)",Not well,2,9.5
Bhutanese,North East,15,White collar/office/administrative,Well,1,30
Chin,South,8,Laborer,Not at all,3,9
Other,Mid West,0,Retail/sales/distribution,Well,2,12.5
Siryac,Mid West,12,Other,Not well,1,98
Other,Mid West,12,Management,Not well,2,11
Chaldean,West,0,Retail/sales/distribution,Not at all,2,10
Chaldean,West,0,"Service worker (social worker, hairdresser, housekeeper, etc.)",Not at all,2,98
Chin,South,15,"Education (teacher, professor, educator, etc.)",Not well,2,11.5
Other,South,12,Hospitality/entertainment,Not at all,3,10
Other,South,12,Hospitality/entertainment,Not well,2,10.5
Other,South,8,None,Not well,2,8
Other,South,6,None,Not well,2,8
Karen,West,10,Hospitality/entertainment,Not well,3,10
Karen,Mid West,18,Student,Not well,1,98
Karen,Mid West,98,Student,Not at all,3,98
Other,South,5,Laborer,Not at all,4,10
Chin,South,98,Laborer,Not at all,3,16
Other,North East,0,Semi-skilled/unskilled workers,Not well,2,9.7
Other,West,12,Retail/sales/distribution,Not well,2,0
Other,North East,98,Government/military,Not well,1,98
Karen,Mid West,0,Laborer,Not at all,4,11.45
Karen,Mid West,9,Student,Not well,3,10
Other,North East,16,"Profession worker (lawyer, doctor, scientist, nurse, engineer, accountant, progr",Not well,2,46
Other,South,12,Student,Not at all,3,8.05
Chin,North East,98,Laborer,Not at all,3,10
Chin,North East,98,Laborer,Not at all,3,11
Other,West,12,"Profession worker (lawyer, doctor, scientist, nurse, engineer, accountant, progr",Not well,2,99
Other,West,12,"Profession worker (lawyer, doctor, scientist, nurse, engineer, accountant, progr",Not well,2,99
Chin,South,0,Laborer,Not well,2,10
Other,West,11,Retail/sales/distribution,Not at all,3,11.25
Chin,West,4,Laborer,Not at all,3,14.4
Chin,South,4,Laborer,Not well,3,12.96
Chaldean,Mid West,15,Retail/sales/distribution,Not well,2,11.2
Chaldean,Mid West,15,Student,Well,1,98
Arab,South,20,Management,Well,1,8
Arab,Mid West,8,Student,Well,1,9
Bhutanese,South,10,"Service worker (social worker, hairdresser, housekeeper, etc.)",Not well,2,9.5
Arab,South,14,Student,Well,1,11
Arab,South,12,Student,Well,1,11
Chaldean,Mid West,9,Other,Not well,3,14
Karen,Mid West,98,None,Not at all,4,12.65
Lhotsampa,North East,0,Laborer,Not at all,4,9.75
Bhutanese,North East,5,Student,Not well,2,10
Chaldean,Mid West,10,Retail/sales/distribution,Not at all,3,8.5
Cuban,South,12,"Skilled tradesperson (carpenter, mechanic, plumber, linesperson, electrician, ta",Not at all,4,98
Karen,South,11,Student,Not well,3,13.5
Chin,Mid West,10,"Education (teacher, professor, educator, etc.)",Not well,2,11
Other,Mid West,8,"Service worker (social worker, hairdresser, housekeeper, etc.)",Not well,2,12.44
Arab,Mid West,9,Retail/sales/distribution,Not at all,2,10
Other,North East,11,Student,Not well,2,14
Other,South,9,Hospitality/entertainment,Not at all,3,16
Arab,North East,9,Other,Not well,2,12.7
Arab,North East,5,"Service worker (social worker, hairdresser, housekeeper, etc.)",Not well,2,10
Chaldean,Mid West,9,"Profession worker (lawyer, doctor, scientist, nurse, engineer, accountant, progr",Not well,3,8
Chaldean,Mid West,13,Student,Well,1,10
Chaldean,Mid West,10,Student,Well,1,11
Other,North East,12,Laborer,Not well,3,98
Other,West,12,Semi-skilled/unskilled workers,Not well,2,98
Don't know,South,4,"Skilled tradesperson (carpenter, mechanic, plumber, linesperson, electrician, ta",Not at all,3,12
Chaldean,Mid West,12,Other,Not well,2,13
Chaldean,Mid West,12,Other,Well,2,99
Other,Mid West,12,Other,Not well,2,15
Chaldean,Mid West,12,Student,Well,1,10
Chaldean,West,8,Other,Not at all,2,13
Chaldean,Mid West,12,"Skilled tradesperson (carpenter, mechanic, plumber, linesperson, electrician, ta",Well,2,98
Chaldean,Mid West,9,Business owner,Not well,2,10
Arab,South,11,Retail/sales/distribution,Not well,2,14.03
Chaldean,Mid West,7,"Skilled tradesperson (carpenter, mechanic, plumber, linesperson, electrician, ta",Not well,2,9
Nepalese,South,12,Student,Well,1,98
Chaldean,Mid West,12,Hospitality/entertainment,Well,1,11
Chin,South,4,Other,Not well,2,8.5
Arab,West,12,Government/military,Well,2,11
Nepalese,North East,10,"Profession worker (lawyer, doctor, scientist, nurse, engineer, accountant, progr",Not well,2,11.95
Nepalese,North East,0,Hospitality/entertainment,Not at all,3,13
Nepalese,North East,0,Laborer,Not at all,3,11
Chaldean,West,10,Other,Not well,2,25
Chaldean,West,8,Student,Well,1,10.5
Chaldean,West,8,Semi-skilled/unskilled workers,Not at all,2,98
Siryac,Mid West,16,Hospitality/entertainment,Well,2,13.3
Arab,South,18,Semi-skilled/unskilled workers,Not well,1,20
Arab,South,18,Student,Well,1,12
Chaldean,Mid West,15,White collar/office/administrative,Not well,3,9.5
Chaldean,Mid West,12,Student,Very well,2,11
Chaldean,Mid West,9,Student,Very well,1,8.8
Cuban,South,7,Laborer,Not at all,4,98
Chin,Mid West,6,Laborer,Not at all,3,13
Chin,Mid West,8,Laborer,Not at all,3,11
Chin,Mid West,11,Student,Not at all,2,12
Other,Mid West,12,"Profession worker (lawyer, doctor, scientist, nurse, engineer, accountant, progr",Well,1,15
Other,West,10,Student,Well,1,8
Other,North East,15,Other,Well,2,99
Chin,Mid West,4,Laborer,Not well,3,14
Chin,North East,12,Laborer,Not at all,3,98
Cuban,South,12,Laborer,Not at all,3,17
Cuban,South,12,None,Not at all,2,8.25
Chin,South,11,Student,Not at all,3,13
Other,Mid West,12,Management,Not well,2,10
Other,West,11,"Skilled tradesperson (carpenter, mechanic, plumber, linesperson, electrician, ta",Not well,2,11.5
Other,West,11,Retail/sales/distribution,Not at all,3,11
Refused,West,20,"Profession worker (lawyer, doctor, scientist, nurse, engineer, accountant, progr",Well,2,98
Chaldean,Mid West,6,Student,Not well,2,9
Chaldean,Mid West,10,Student,Not well,2,2
Lhotsampa,North East,10,"Service worker (social worker, hairdresser, housekeeper, etc.)",Not well,2,15
Arab,South,14,"Profession worker (lawyer, doctor, scientist, nurse, engineer, accountant, progr",Not well,2,12
Arab,South,12,"Service worker (social worker, hairdresser, housekeeper, etc.)",Not at all,2,10
Arab,Mid West,7,Semi-skilled/unskilled workers,Not at all,3,9
Other,West,17,"Profession worker (lawyer, doctor, scientist, nurse, engineer, accountant, progr",Well,2,99
Arab,West,5,Other,Not at all,3,11
Arab,West,12,Other,Not well,2,98
Arab,Mid West,12,"Skilled tradesperson (carpenter, mechanic, plumber, linesperson, electrician, ta",Not at all,3,10
Other,South,12,Semi-skilled/unskilled workers,Not well,2,13.4
Nepalese,South,15,"Profession worker (lawyer, doctor, scientist, nurse, engineer, accountant, progr",Well,2,99
Arab,Mid West,12,"Profession worker (lawyer, doctor, scientist, nurse, engineer, accountant, progr",Well,1,17
Bhutanese,Mid West,0,"Skilled tradesperson (carpenter, mechanic, plumber, linesperson, electrician, ta",Not at all,4,98
Arab,Mid West,11,Retail/sales/distribution,Not at all,2,11.5
Chaldean,West,13,Hospitality/entertainment,Not well,2,11
Chaldean,West,10,Other,Not well,2,25
Chin,South,4,Laborer,Not at all,4,10
Cuban,South,9,"Skilled tradesperson (carpenter, mechanic, plumber, linesperson, electrician, ta",Not at all,4,98
Arab,South,6,Other,Not at all,2,8.25
Arab,West,99,Student,Not well,2,98
Arab,South,12,Management,Well,1,9
Arab,South,14,Other,Not well,2,11
Other,South,11,Government/military,Not well,3,8.5
Bhutanese,North East,12,"Education (teacher, professor, educator, etc.)",Not well,2,9.88
Arab,West,9,Student,Not at all,2,10
Arab,West,12,Student,Not at all,3,10
Arab,West,12,Student,Not at all,2,10.25
Other,South,12,"Skilled tradesperson (carpenter, mechanic, plumber, linesperson, electrician, ta",Not at all,3,99
Chin,South,98,Student,Not well,3,98
Other,98,13,Semi-skilled/unskilled workers,Not at all,3,9.75
Cuban,South,6,Semi-skilled/unskilled workers,Not at all,4,11
Karen,North East,10,White collar/office/administrative,Not at all,3,10
Other,North East,12,Retail/sales/distribution,Not well,2,9.7
Arab,South,0,Semi-skilled/unskilled workers,Not at all,3,8.5
Bhutanese,North East,12,"Education (teacher, professor, educator, etc.)",Well,1,15
Other,North East,0,Retail/sales/distribution,Not at all,3,10
Other,South,2,Business owner,Not well,2,11.7
Arab,North East,11,Business owner,Not well,2,11.3
Bhutanese,South,0,Semi-skilled/unskilled workers,Not at all,4,9.75
Cuban,South,12,Laborer,Not at all,4,9
Other,Mid West,6,"Skilled tradesperson (carpenter, mechanic, plumber, linesperson, electrician, ta",Not well,3,11
Arab,Mid West,14,White collar/office/administrative,Very well,1,11
Arab,Mid West,9,Student,Well,1,9.5
Arab,Mid West,16,White collar/office/administrative,Well,1,13
Chaldean,Mid West,10,Retail/sales/distribution,Not at all,2,13
Chaldean,Mid West,14,White collar/office/administrative,Not well,2,10
Cuban,West,12,Retail/sales/distribution,Not at all,4,10
Other,South,0,Retail/sales/distribution,Not at all,2,11
Refused,North East,11,Other,Not at all,3,10.75
Arab,North East,14,Laborer,Well,1,10
Siryac,West,20,Student,Not well,2,15
Siryac,West,20,Student,Well,1,10.5
Chaldean,West,5,White collar/office/administrative,Not at all,2,11.9
Arab,Mid West,15,Student,Well,2,99
Chaldean,Mid West,6,Hospitality/entertainment,Not well,3,8
Chaldean,Mid West,7,Student,Well,1,8.5
Chaldean,Mid West,5,Student,Not well,1,9
Cuban,South,12,"Profession worker (lawyer, doctor, scientist, nurse, engineer, accountant, progr",Not at all,3,23
Cuban,South,8,None,Not at all,1,10
